row,issue,div_id,neigh_jaccard
4,issue_1,,0.0
6,issue_1,Jinkis_Entredichos_1,0.0
8,issue_1,Jinkis_Entredichos_1,0.0
10,issue_1,Jinkis_Entredichos_1,0.0
12,issue_1,Jinkis_Entredichos_1,0.0
13,issue_1,Jinkis_Entredichos_1,0.0
18,issue_1,Jinkis_Entredichos_1,0.0
19,issue_1,Jinkis_Entredichos_1,0.0
21,issue_1,Jinkis_Entredichos_1,0.0
26,issue_1,Grüner_Entredichos_1,0.0
27,issue_1,Grüner_Entredichos_1,0.0
31,issue_1,Grüner_Entredichos_1,0.0
32,issue_1,Grüner_Entredichos_1,0.0
33,issue_1,Grüner_Entredichos_1,0.0
35,issue_1,Grüner_Entredichos_1,0.0
36,issue_1,Grüner_Entredichos_1,0.0
38,issue_1,Gusmán_Entredichos_1,0.0
39,issue_1,Gusmán_Entredichos_1,0.0
44,issue_1,Gusmán_Entredichos_1,0.0
45,issue_1,Gusmán_Entredichos_1,0.0
48,issue_1,Gusmán_Entredichos_1,0.0
49,issue_1,Gusmán_Entredichos_1,0.0
50,issue_1,Gusmán_Entredichos_1,0.0
52,issue_1,Gusmán_Entredichos_1,0.0
53,issue_1,,0.0
59,issue_1,,0.0
61,issue_1,,0.0
65,issue_1,,0.0
68,issue_1,,0.0
69,issue_1,,0.0
71,issue_1,,0.0
72,issue_1,,0.0
74,issue_1,,0.0
76,issue_1,,0.0
78,issue_1,,0.0
80,issue_1,,0.0
81,issue_1,,0.0
83,issue_1,,0.0
84,issue_1,,0.0
85,issue_1,,0.0
87,issue_1,,0.0
90,issue_1,,0.0
91,issue_1,,0.0
93,issue_1,,0.0
94,issue_1,,0.0
95,issue_1,,0.0
96,issue_1,,0.0
97,issue_1,,0.0
99,issue_1,,0.0
101,issue_1,,0.0
106,issue_1,,0.0
107,issue_1,,0.0
108,issue_1,,0.0
109,issue_1,,0.0
110,issue_1,,0.0
111,issue_1,,0.0
112,issue_1,,0.0
113,issue_1,,0.0
115,issue_1,,0.0
116,issue_1,,0.0
117,issue_1,,0.0
118,issue_1,,0.0
120,issue_1,,0.0
121,issue_1,,0.0
122,issue_1,,0.0
124,issue_1,,0.0
125,issue_1,,0.0
126,issue_1,,0.0
127,issue_1,,0.0
128,issue_1,,0.0
129,issue_1,,0.0
132,issue_1,,0.0
134,issue_1,,0.0
135,issue_1,,0.0
137,issue_1,,0.0
139,issue_1,,0.0
140,issue_1,,0.0
142,issue_1,,0.0
143,issue_1,,0.0
144,issue_1,,0.0
145,issue_1,,0.0
146,issue_1,,0.0
147,issue_1,,0.0
149,issue_1,,0.0
150,issue_1,,0.0
151,issue_1,,0.0
152,issue_1,,0.0
153,issue_1,,0.0
154,issue_1,,0.0
155,issue_1,,0.0
156,issue_1,,0.0
158,issue_1,,0.0
159,issue_1,,0.0
166,issue_1,,0.0
173,issue_1,,0.0
174,issue_1,,0.0
176,issue_1,,0.0
179,issue_1,,0.0
180,issue_1,,0.0
187,issue_1,,0.0
189,issue_1,,0.0
190,issue_1,,0.0
197,issue_1,,0.0
199,issue_1,,0.0
203,issue_1,,0.0
204,issue_1,,0.0
208,issue_1,,0.0
209,issue_1,,0.0
210,issue_1,,0.0
213,issue_1,,0.0
214,issue_1,,0.0
215,issue_1,,0.0
216,issue_1,,0.0
217,issue_1,,0.0
219,issue_1,,0.0
220,issue_1,,0.0
222,issue_1,,0.0
224,issue_1,,0.0
225,issue_1,,0.0
226,issue_1,,0.0
227,issue_1,,0.0
228,issue_1,,0.0
229,issue_1,,0.0
238,issue_1,,0.0
239,issue_1,,0.0
251,issue_1,,0.0
252,issue_1,,0.0
255,issue_1,,0.0
256,issue_1,,0.0
261,issue_1,,0.0
263,issue_1,,0.0
264,issue_1,,0.0
266,issue_1,,0.0
267,issue_1,,0.0
269,issue_1,,0.0
270,issue_1,,0.0
275,issue_1,,0.0
276,issue_1,,0.0
277,issue_1,,0.0
278,issue_1,,0.0
279,issue_1,,0.0
280,issue_1,,0.0
281,issue_1,,0.0
283,issue_1,,0.0
284,issue_1,,0.0
285,issue_1,,0.0
287,issue_1,,0.0
288,issue_1,,0.0
291,issue_1,,0.0
293,issue_1,,0.0
294,issue_1,,0.0
295,issue_1,,0.0
296,issue_1,,0.0
301,issue_1,,0.0
302,issue_1,,0.0
303,issue_1,,0.0
306,issue_1,,0.0
308,issue_1,,0.0
309,issue_1,,0.0
311,issue_1,,0.0
312,issue_1,,0.0
313,issue_1,,0.0
315,issue_1,,0.0
316,issue_1,,0.0
318,issue_1,,0.0
319,issue_1,,0.0
321,issue_1,,0.0
322,issue_1,,0.0
323,issue_1,,0.0
324,issue_1,,0.0
325,issue_1,,0.0
328,issue_1,,0.0
329,issue_1,,0.0
330,issue_1,,0.0
331,issue_1,,0.0
333,issue_1,,0.0
334,issue_1,,0.0
336,issue_1,,0.0
337,issue_1,,0.0
338,issue_1,,0.0
339,issue_1,,0.0
342,issue_1,,0.0
343,issue_1,,0.0
344,issue_1,,0.0
345,issue_1,,0.0
346,issue_1,,0.0
353,issue_1,,0.0
355,issue_1,,0.0
361,issue_1,,0.0
362,issue_1,,0.0
374,issue_1,,0.0
375,issue_1,,0.0
376,issue_1,,0.0
377,issue_1,,0.0
378,issue_1,,0.0
380,issue_1,,0.0
381,issue_1,,0.0
383,issue_1,,0.0
386,issue_1,,0.0
387,issue_1,,0.0
389,issue_1,,0.0
392,issue_1,,0.0
393,issue_1,,0.0
395,issue_1,,0.0
396,issue_1,,0.0
397,issue_1,,0.0
398,issue_1,,0.0
400,issue_1,,0.0
401,issue_1,,0.0
402,issue_1,,0.0
403,issue_1,,0.0
407,issue_1,,0.0
409,issue_1,,0.0
411,issue_1,,0.0
412,issue_1,,0.0
413,issue_1,,0.0
414,issue_1,,0.0
416,issue_1,,0.0
421,issue_1,,0.0
422,issue_1,,0.0
425,issue_1,,0.0
427,issue_1,bloy_texto_citado,0.0
429,issue_1,bloy_texto_citado,0.0
430,issue_1,bloy_texto_citado,0.0
431,issue_1,bloy_texto_citado,0.0
433,issue_1,bloy_texto_citado,0.0
437,issue_1,bloy_texto_citado,0.0
438,issue_1,bloy_texto_citado,0.0
443,issue_1,bloy_texto_citado,0.0
444,issue_1,bloy_texto_citado,0.0
445,issue_1,bloy_texto_citado,0.0
447,issue_1,bloy_texto_citado,0.0
451,issue_1,bloy_texto_citado,0.0
453,issue_1,bloy_texto_citado,0.0
457,issue_1,bloy_texto_citado,0.0
458,issue_1,bloy_texto_citado,0.0
459,issue_1,bloy_texto_citado,0.0
461,issue_1,bloy_texto_citado,0.0
462,issue_1,bloy_texto_citado,0.0
463,issue_1,bloy_texto_citado,0.0
465,issue_1,bloy_texto_citado,0.0
467,issue_1,bloy_texto_citado,0.0
468,issue_1,bloy_texto_citado,0.0
470,issue_1,bloy_texto_citado,0.0
471,issue_1,bloy_texto_citado,0.0
475,issue_1,bloy_texto_citado,0.0
477,issue_1,bloy_texto_citado,0.0
478,issue_1,bloy_texto_citado,0.0
481,issue_1,bloy_texto_citado,0.0
482,issue_1,bloy_texto_citado,0.0
485,issue_1,bloy_texto_citado,0.0
486,issue_1,bloy_texto_citado,0.0
488,issue_1,bloy_texto_citado,0.0
489,issue_1,bloy_texto_citado,0.0
492,issue_1,bloy_texto_citado,0.0
495,issue_1,bloy_texto_citado,0.0
497,issue_1,bloy_texto_citado,0.0
498,issue_1,bloy_texto_citado,0.0
500,issue_1,bloy_texto_citado,0.0
502,issue_1,bloy_texto_citado,0.0
504,issue_1,bloy_texto_citado,0.0
505,issue_1,bloy_texto_citado,0.0
506,issue_1,bloy_texto_citado,0.0
507,issue_1,bloy_texto_citado,0.0
509,issue_1,bloy_texto_citado,0.0
510,issue_1,bloy_texto_citado,0.0
511,issue_1,bloy_texto_citado,0.0
512,issue_1,bloy_texto_citado,0.0
513,issue_1,bloy_texto_citado,0.0
514,issue_1,bloy_texto_citado,0.0
516,issue_1,bloy_texto_citado,0.0
518,issue_1,bloy_texto_citado,0.0
519,issue_1,bloy_texto_citado,0.0
520,issue_1,bloy_texto_citado,0.0
522,issue_1,bloy_texto_citado,0.0
523,issue_1,bloy_texto_citado,0.0
524,issue_1,bloy_texto_citado,0.0
526,issue_1,bloy_texto_citado,0.0
527,issue_1,bloy_texto_citado,0.0
529,issue_1,bloy_texto_citado,0.0
530,issue_1,bloy_texto_citado,0.0
531,issue_1,bloy_texto_citado,0.0
532,issue_1,bloy_texto_citado,0.0
534,issue_1,bloy_texto_citado,0.0
539,issue_1,bloy_texto_citado,0.0
540,issue_1,bloy_texto_citado,0.0
541,issue_1,bloy_texto_citado,0.0
542,issue_1,bloy_texto_citado,0.0
543,issue_1,bloy_texto_citado,0.0
544,issue_1,bloy_texto_citado,0.0
545,issue_1,bloy_texto_citado,0.0
547,issue_1,bloy_texto_citado,0.0
549,issue_1,bloy_texto_citado,0.0
550,issue_1,bloy_texto_citado,0.0
551,issue_1,bloy_texto_citado,0.0
552,issue_1,bloy_texto_citado,0.0
553,issue_1,bloy_texto_citado,0.0
554,issue_1,bloy_texto_citado,0.0
555,issue_1,bloy_texto_citado,0.0
556,issue_1,bloy_texto_citado,0.0
558,issue_1,bloy_texto_citado,0.0
559,issue_1,bloy_texto_citado,0.0
561,issue_1,bloy_texto_citado,0.0
562,issue_1,bloy_texto_citado,0.0
564,issue_1,bloy_texto_citado,0.0
566,issue_1,bloy_texto_citado,0.0
567,issue_1,bloy_texto_citado,0.0
568,issue_1,bloy_texto_citado,0.0
569,issue_1,bloy_texto_citado,0.0
571,issue_1,bloy_texto_citado,0.0
574,issue_1,bloy_texto_citado,0.0
575,issue_1,bloy_texto_citado,0.0
576,issue_1,bloy_texto_citado,0.0
577,issue_1,bloy_texto_citado,0.0
579,issue_1,bloy_texto_citado,0.0
580,issue_1,bloy_texto_citado,0.0
582,issue_1,bloy_texto_citado,0.0
583,issue_1,bloy_texto_citado,0.0
584,issue_1,bloy_texto_citado,0.0
586,issue_1,bloy_texto_citado,0.0
587,issue_1,bloy_texto_citado,0.0
589,issue_1,bloy_texto_citado,0.0
591,issue_1,bloy_texto_citado,0.0
594,issue_1,bloy_texto_citado,0.0
595,issue_1,bloy_texto_citado,0.0
596,issue_1,bloy_texto_citado,0.0
597,issue_1,bloy_texto_citado,0.0
598,issue_1,bloy_texto_citado,0.0
599,issue_1,bloy_texto_citado,0.0
601,issue_1,bloy_texto_citado,0.0
602,issue_1,bloy_texto_citado,0.0
603,issue_1,bloy_texto_citado,0.0
604,issue_1,bloy_texto_citado,0.0
605,issue_1,bloy_texto_citado,0.0
606,issue_1,bloy_texto_citado,0.0
607,issue_1,bloy_texto_citado,0.0
610,issue_1,bloy_texto_citado,0.0
611,issue_1,bloy_texto_citado,0.0
612,issue_1,bloy_texto_citado,0.0
613,issue_1,bloy_texto_citado,0.0
614,issue_1,bloy_texto_citado,0.0
615,issue_1,bloy_texto_citado,0.0
616,issue_1,bloy_texto_citado,0.0
617,issue_1,bloy_texto_citado,0.0
618,issue_1,bloy_texto_citado,0.0
619,issue_1,bloy_texto_citado,0.0
620,issue_1,bloy_texto_citado,0.0
621,issue_1,bloy_texto_citado,0.0
623,issue_1,bloy_texto_citado,0.0
624,issue_1,bloy_texto_citado,0.0
625,issue_1,bloy_texto_citado,0.0
627,issue_1,bloy_texto_citado,0.0
628,issue_1,bloy_texto_citado,0.0
634,issue_1,bloy_texto_citado,0.0
635,issue_1,bloy_texto_citado,0.0
637,issue_1,bloy_texto_citado,0.0
638,issue_1,bloy_texto_citado,0.0
639,issue_1,bloy_texto_citado,0.0
640,issue_1,bloy_texto_citado,0.0
641,issue_1,bloy_texto_citado,0.0
642,issue_1,bloy_texto_citado,0.0
643,issue_1,bloy_texto_citado,0.0
644,issue_1,bloy_texto_citado,0.0
647,issue_1,bloy_texto_citado,0.0
648,issue_1,bloy_texto_citado,0.0
649,issue_1,bloy_texto_citado,0.0
650,issue_1,bloy_texto_citado,0.0
651,issue_1,bloy_texto_citado,0.0
652,issue_1,bloy_texto_citado,0.0
654,issue_1,bloy_texto_citado,0.0
655,issue_1,bloy_texto_citado,0.0
656,issue_1,bloy_texto_citado,0.0
657,issue_1,bloy_texto_citado,0.0
660,issue_1,bloy_texto_citado,0.0
661,issue_1,bloy_texto_citado,0.0
663,issue_1,bloy_texto_citado,0.0
664,issue_1,bloy_texto_citado,0.0
665,issue_1,bloy_texto_citado,0.0
666,issue_1,bloy_texto_citado,0.0
668,issue_1,bloy_texto_citado,0.0
669,issue_1,bloy_texto_citado,0.0
673,issue_1,bloy_texto_citado,0.0
674,issue_1,bloy_texto_citado,0.0
675,issue_1,bloy_texto_citado,0.0
678,issue_1,bloy_texto_citado,0.0
679,issue_1,bloy_texto_citado,0.0
681,issue_1,bloy_texto_citado,0.0
682,issue_1,bloy_texto_citado,0.0
684,issue_1,bloy_texto_citado,0.0
686,issue_1,bloy_texto_citado,0.0
687,issue_1,bloy_texto_citado,0.0
688,issue_1,bloy_texto_citado,0.0
691,issue_1,bloy_texto_citado,0.0
692,issue_1,bloy_texto_citado,0.0
694,issue_1,bloy_texto_citado,0.0
695,issue_1,bloy_texto_citado,0.0
696,issue_1,bloy_texto_citado,0.0
701,issue_1,bloy_texto_citado,0.0
707,issue_1,bloy_texto_citado,0.0
708,issue_1,bloy_texto_citado,0.0
712,issue_1,bloy_texto_citado,0.0
713,issue_1,bloy_texto_citado,0.0
714,issue_1,bloy_texto_citado,0.0
722,issue_1,bloy_texto_citado,0.0
723,issue_1,bloy_texto_citado,0.0
724,issue_1,bloy_texto_citado,0.0
725,issue_1,bloy_texto_citado,0.0
728,issue_1,bloy_texto_citado,0.0
730,issue_1,bloy_texto_citado,0.0
734,issue_1,bloy_texto_citado,0.0
736,issue_1,bloy_texto_citado,0.0
738,issue_1,bloy_texto_citado,0.0
739,issue_1,bloy_texto_citado,0.0
740,issue_1,bloy_texto_citado,0.0
743,issue_1,bloy_texto_citado,0.0
744,issue_1,bloy_texto_citado,0.0
749,issue_1,bloy_texto_citado,0.0
750,issue_1,bloy_texto_citado,0.0
752,issue_1,bloy_texto_citado,0.0
754,issue_1,bloy_texto_citado,0.0
755,issue_1,bloy_texto_citado,0.0
758,issue_1,bloy_texto_citado,0.0
759,issue_1,bloy_texto_citado,0.0
760,issue_1,bloy_texto_citado,0.0
761,issue_1,bloy_texto_citado,0.0
762,issue_1,bloy_texto_citado,0.0
764,issue_1,bloy_texto_citado,0.0
765,issue_1,bloy_texto_citado,0.0
767,issue_1,bloy_texto_citado,0.0
769,issue_1,bloy_texto_citado,0.0
770,issue_1,bloy_texto_citado,0.0
771,issue_1,bloy_texto_citado,0.0
772,issue_1,bloy_texto_citado,0.0
773,issue_1,bloy_texto_citado,0.0
774,issue_1,bloy_texto_citado,0.0
776,issue_1,bloy_texto_citado,0.0
777,issue_1,bloy_texto_citado,0.0
778,issue_1,bloy_texto_citado,0.0
779,issue_1,bloy_texto_citado,0.0
780,issue_1,bloy_texto_citado,0.0
781,issue_1,bloy_texto_citado,0.0
782,issue_1,bloy_texto_citado,0.0
783,issue_1,bloy_texto_citado,0.0
784,issue_1,bloy_texto_citado,0.0
785,issue_1,bloy_texto_citado,0.0
786,issue_1,bloy_texto_citado,0.0
787,issue_1,bloy_texto_citado,0.0
788,issue_1,bloy_texto_citado,0.0
789,issue_1,bloy_texto_citado,0.0
790,issue_1,bloy_texto_citado,0.0
792,issue_1,bloy_texto_citado,0.0
793,issue_1,bloy_texto_citado,0.0
795,issue_1,bloy_texto_citado,0.0
796,issue_1,bloy_texto_citado,0.0
798,issue_1,bloy_texto_citado,0.0
800,issue_1,bloy_texto_citado,0.0
801,issue_1,bloy_texto_citado,0.0
802,issue_1,bloy_texto_citado,0.0
806,issue_1,bloy_texto_citado,0.0
807,issue_1,bloy_texto_citado,0.0
811,issue_1,bloy_texto_citado,0.0
813,issue_1,bloy_texto_citado,0.0
814,issue_1,bloy_texto_citado,0.0
816,issue_1,bloy_texto_citado,0.0
817,issue_1,bloy_texto_citado,0.0
818,issue_1,bloy_texto_citado,0.0
819,issue_1,bloy_texto_citado,0.0
820,issue_1,bloy_texto_citado,0.0
823,issue_1,bloy_texto_citado,0.0
824,issue_1,bloy_texto_citado,0.0
825,issue_1,bloy_texto_citado,0.0
827,issue_1,bloy_texto_citado,0.0
828,issue_1,bloy_texto_citado,0.0
829,issue_1,bloy_texto_citado,0.0
830,issue_1,bloy_texto_citado,0.0
833,issue_1,bloy_texto_citado,0.0
835,issue_1,bloy_texto_citado,0.0
836,issue_1,bloy_texto_citado,0.0
837,issue_1,bloy_texto_citado,0.0
838,issue_1,bloy_texto_citado,0.0
839,issue_1,bloy_texto_citado,0.0
840,issue_1,bloy_texto_citado,0.0
842,issue_1,bloy_texto_citado,0.0
843,issue_1,bloy_texto_citado,0.0
844,issue_1,bloy_texto_citado,0.0
846,issue_1,bloy_texto_citado,0.0
848,issue_1,bloy_texto_citado,0.0
850,issue_1,bloy_texto_citado,0.0
860,issue_1,bloy_texto_citado,0.0
862,issue_1,bloy_texto_citado,0.0
864,issue_1,bloy_texto_citado,0.0
867,issue_1,zola_texto_citado,0.0
868,issue_1,zola_texto_citado,0.0
870,issue_1,zola_texto_citado,0.0
877,issue_1,zola_texto_citado,0.0
879,issue_1,zola_texto_citado,0.0
885,issue_1,zola_texto_citado,0.0
888,issue_1,zola_texto_citado,0.0
893,issue_1,zola_texto_citado,0.0
894,issue_1,zola_texto_citado,0.0
895,issue_1,zola_texto_citado,0.0
896,issue_1,zola_texto_citado,0.0
897,issue_1,zola_texto_citado,0.0
899,issue_1,zola_texto_citado,0.0
900,issue_1,zola_texto_citado,0.0
902,issue_1,zola_texto_citado,0.0
903,issue_1,zola_texto_citado,0.0
905,issue_1,zola_texto_citado,0.0
906,issue_1,zola_texto_citado,0.0
909,issue_1,zola_texto_citado,0.0
910,issue_1,zola_texto_citado,0.0
911,issue_1,,0.0
912,issue_1,,0.0
913,issue_1,,0.0
914,issue_1,,0.0
915,issue_1,,0.0
916,issue_1,,0.0
917,issue_1,,0.0
919,issue_1,,0.0
920,issue_1,,0.0
924,issue_1,,0.0
925,issue_1,,0.0
926,issue_1,,0.0
927,issue_1,,0.0
928,issue_1,,0.0
929,issue_1,,0.0
931,issue_1,,0.0
932,issue_1,,0.0
933,issue_1,,0.0
934,issue_1,,0.0
935,issue_1,,0.0
937,issue_1,,0.0
938,issue_1,,0.0
939,issue_1,,0.0
941,issue_1,,0.0
942,issue_1,,0.0
943,issue_1,,0.0
944,issue_1,,0.0
945,issue_1,,0.0
946,issue_1,,0.0
947,issue_1,,0.0
948,issue_1,,0.0
949,issue_1,,0.0
950,issue_1,,0.0
951,issue_1,,0.0
952,issue_1,,0.0
953,issue_1,,0.0
954,issue_1,,0.0
955,issue_1,,0.0
956,issue_1,,0.0
960,issue_1,,0.0
963,issue_1,,0.0
964,issue_1,,0.0
965,issue_1,,0.0
967,issue_1,,0.0
968,issue_1,,0.0
969,issue_1,,0.0
970,issue_1,,0.0
971,issue_1,,0.0
972,issue_1,,0.0
974,issue_1,,0.0
975,issue_1,,0.0
977,issue_1,,0.0
978,issue_1,,0.0
980,issue_1,,0.0
981,issue_1,,0.0
986,issue_1,,0.0
987,issue_1,,0.0
988,issue_1,,0.0
989,issue_1,,0.0
994,issue_1,,0.0
997,issue_1,,0.0
998,issue_1,,0.0
999,issue_1,,0.0
1000,issue_1,,0.0
1002,issue_1,,0.0
1003,issue_1,,0.0
1004,issue_1,,0.0
1006,issue_1,,0.0
1008,issue_1,,0.0
1009,issue_1,,0.0
1010,issue_1,,0.0
1011,issue_1,,0.0
1012,issue_1,,0.0
1014,issue_1,,0.0
1015,issue_1,,0.0
1016,issue_1,,0.0
1017,issue_1,,0.0
1021,issue_1,,0.0
1022,issue_1,,0.0
1023,issue_1,,0.0
1026,issue_1,,0.0
1027,issue_1,,0.0
1028,issue_1,,0.0
1029,issue_1,,0.0
1030,issue_1,,0.0
1033,issue_1,,0.0
1034,issue_1,,0.0
1035,issue_1,,0.0
1037,issue_1,,0.0
1038,issue_1,,0.0
1041,issue_1,,0.0
1044,issue_1,molloy_dario,0.0
1048,issue_1,molloy_dario,0.0
1049,issue_1,molloy_dario,0.0
1050,issue_1,molloy_dario,0.0
1051,issue_1,molloy_dario,0.0
1052,issue_1,molloy_dario,0.0
1053,issue_1,molloy_dario,0.0
1054,issue_1,molloy_dario,0.0
1057,issue_1,molloy_dario,0.0
1059,issue_1,molloy_dario,0.0
1061,issue_1,molloy_dario,0.0
1062,issue_1,molloy_dario,0.0
1064,issue_1,molloy_dario,0.0
1065,issue_1,molloy_dario,0.0
1071,issue_1,molloy_dario,0.0
1072,issue_1,molloy_dario,0.0
1075,issue_1,molloy_dario,0.0
1078,issue_1,molloy_dario,0.0
1079,issue_1,molloy_dario,0.0
1080,issue_1,molloy_dario,0.0
1081,issue_1,molloy_dario,0.0
1083,issue_1,,0.0
1090,issue_1,,0.0
1092,issue_1,,0.0
1094,issue_1,,0.0
1097,issue_1,,0.0
1100,issue_1,,0.0
1104,issue_1,,0.0
1106,issue_1,,0.0
1107,issue_1,,0.0
1108,issue_1,,0.0
1110,issue_1,,0.0
1112,issue_1,,0.0
1113,issue_1,,0.0
1115,issue_1,,0.0
1116,issue_1,,0.0
1117,issue_1,,0.0
1118,issue_1,,0.0
1119,issue_1,,0.0
1120,issue_1,,0.0
1121,issue_1,,0.0
1122,issue_1,,0.0
1126,issue_1,,0.0
1127,issue_1,,0.0
1128,issue_1,,0.0
1129,issue_1,,0.0
1130,issue_1,,0.0
1131,issue_1,,0.0
1132,issue_1,,0.0
1133,issue_1,,0.0
1134,issue_1,,0.0
1135,issue_1,,0.0
1136,issue_1,,0.0
1139,issue_1,,0.0
1140,issue_1,,0.0
1141,issue_1,,0.0
1142,issue_1,,0.0
1146,issue_1,,0.0
1147,issue_1,,0.0
1150,issue_1,,0.0
1151,issue_1,,0.0
1152,issue_1,,0.0
1153,issue_1,,0.0
1154,issue_1,,0.0
1156,issue_1,,0.0
1158,issue_1,,0.0
1159,issue_1,,0.0
1160,issue_1,,0.0
1164,issue_1,,0.0
1165,issue_1,,0.0
1169,issue_1,,0.0
1172,issue_1,,0.0
1173,issue_1,,0.0
1174,issue_1,,0.0
1175,issue_1,,0.0
1177,issue_1,,0.0
1179,issue_1,,0.0
1182,issue_1,,0.0
1184,issue_1,,0.0
1186,issue_1,,0.0
1187,issue_1,,0.0
1194,issue_2,sitio_entredicho_2,0.0
1199,issue_2,sitio_entredicho_2,0.0
1200,issue_2,sitio_entredicho_2,0.0
1201,issue_2,sitio_entredicho_2,0.0
1202,issue_2,sitio_entredicho_2,0.0
1203,issue_2,sitio_entredicho_2,0.0
1205,issue_2,sitio_entredicho_2,0.0
1206,issue_2,sitio_entredicho_2,0.0
1208,issue_2,sitio_entredicho_2,0.0
1211,issue_2,sitio_entredicho_2,0.0
1212,issue_2,sitio_entredicho_2,0.0
1213,issue_2,sitio_entredicho_2,0.0
1217,issue_2,sitio_entredicho_2,0.0
1218,issue_2,sitio_entredicho_2,0.0
1219,issue_2,sitio_entredicho_2,0.0
1220,issue_2,sitio_entredicho_2,0.0
1221,issue_2,sitio_entredicho_2,0.0
1223,issue_2,sitio_entredicho_2,0.0
1225,issue_2,sitio_entredicho_2,0.0
1227,issue_2,sitio_entredicho_2,0.0
1231,issue_2,,0.0
1232,issue_2,,0.0
1235,issue_2,,0.0
1236,issue_2,,0.0
1237,issue_2,,0.0
1240,issue_2,,0.0
1242,issue_2,,0.0
1245,issue_2,,0.0
1246,issue_2,,0.0
1249,issue_2,,0.0
1251,issue_2,,0.0
1253,issue_2,,0.0
1255,issue_2,,0.0
1256,issue_2,,0.0
1258,issue_2,,0.0
1260,issue_2,,0.0
1262,issue_2,,0.0
1265,issue_2,,0.0
1266,issue_2,,0.0
1267,issue_2,,0.0
1269,issue_2,,0.0
1271,issue_2,,0.0
1272,issue_2,,0.0
1273,issue_2,,0.0
1274,issue_2,,0.0
1276,issue_2,,0.0
1277,issue_2,,0.0
1278,issue_2,,0.0
1279,issue_2,,0.0
1280,issue_2,,0.0
1283,issue_2,,0.0
1284,issue_2,,0.0
1285,issue_2,,0.0
1286,issue_2,,0.0
1288,issue_2,,0.0
1289,issue_2,,0.0
1290,issue_2,,0.0
1291,issue_2,,0.0
1294,issue_2,,0.0
1296,issue_2,,0.0
1298,issue_2,,0.0
1299,issue_2,,0.0
1300,issue_2,,0.0
1301,issue_2,,0.0
1302,issue_2,,0.0
1305,issue_2,,0.0
1306,issue_2,,0.0
1309,issue_2,,0.0
1310,issue_2,,0.0
1314,issue_2,,0.0
1318,issue_2,,0.0
1321,issue_2,,0.0
1325,issue_2,,0.0
1328,issue_2,,0.0
1329,issue_2,,0.0
1330,issue_2,,0.0
1331,issue_2,,0.0
1332,issue_2,,0.0
1334,issue_2,,0.0
1336,issue_2,,0.0
1338,issue_2,,0.0
1341,issue_2,,0.0
1343,issue_2,,0.0
1345,issue_2,,0.0
1346,issue_2,,0.0
1348,issue_2,,0.0
1349,issue_2,,0.0
1351,issue_2,,0.0
1353,issue_2,,0.0
1358,issue_2,,0.0
1359,issue_2,,0.0
1361,issue_2,,0.0
1364,issue_2,,0.0
1367,issue_2,,0.0
1373,issue_2,,0.0
1374,issue_2,,0.0
1375,issue_2,,0.0
1377,issue_2,,0.0
1380,issue_2,,0.0
1381,issue_2,,0.0
1382,issue_2,,0.0
1383,issue_2,,0.0
1386,issue_2,,0.0
1388,issue_2,,0.0
1391,issue_2,,0.0
1392,issue_2,,0.0
1393,issue_2,,0.0
1394,issue_2,,0.0
1396,issue_2,,0.0
1397,issue_2,,0.0
1398,issue_2,,0.0
1400,issue_2,,0.0
1401,issue_2,,0.0
1404,issue_2,,0.0
1405,issue_2,,0.0
1406,issue_2,,0.0
1408,issue_2,,0.0
1409,issue_2,,0.0
1410,issue_2,,0.0
1413,issue_2,,0.0
1418,issue_2,,0.0
1419,issue_2,,0.0
1422,issue_2,,0.0
1423,issue_2,,0.0
1424,issue_2,,0.0
1426,issue_2,,0.0
1427,issue_2,,0.0
1428,issue_2,,0.0
1429,issue_2,,0.0
1430,issue_2,,0.0
1431,issue_2,,0.0
1432,issue_2,,0.0
1434,issue_2,,0.0
1435,issue_2,,0.0
1436,issue_2,,0.0
1437,issue_2,,0.0
1438,issue_2,,0.0
1440,issue_2,,0.0
1441,issue_2,,0.0
1442,issue_2,,0.0
1443,issue_2,,0.0
1446,issue_2,,0.0
1447,issue_2,,0.0
1448,issue_2,,0.0
1449,issue_2,,0.0
1450,issue_2,,0.0
1452,issue_2,,0.0
1453,issue_2,,0.0
1455,issue_2,,0.0
1457,issue_2,,0.0
1462,issue_2,,0.0
1463,issue_2,,0.0
1464,issue_2,,0.0
1467,issue_2,,0.0
1471,issue_2,,0.0
1474,issue_2,,0.0
1475,issue_2,,0.0
1477,issue_2,,0.0
1478,issue_2,,0.0
1479,issue_2,,0.0
1480,issue_2,,0.0
1481,issue_2,,0.0
1483,issue_2,,0.0
1487,issue_2,,0.0
1488,issue_2,,0.0
1490,issue_2,,0.0
1491,issue_2,,0.0
1495,issue_2,,0.0
1496,issue_2,,0.0
1498,issue_2,,0.0
1499,issue_2,,0.0
1504,issue_2,,0.0
1507,issue_2,,0.0
1509,issue_2,,0.0
1513,issue_2,,0.0
1515,issue_2,,0.0
1516,issue_2,,0.0
1517,issue_2,,0.0
1522,issue_2,,0.0
1523,issue_2,,0.0
1524,issue_2,,0.0
1526,issue_2,,0.0
1528,issue_2,,0.0
1529,issue_2,,0.0
1530,issue_2,,0.0
1531,issue_2,,0.0
1533,issue_2,,0.0
1534,issue_2,,0.0
1535,issue_2,,0.0
1536,issue_2,,0.0
1537,issue_2,,0.0
1538,issue_2,,0.0
1539,issue_2,,0.0
1540,issue_2,,0.0
1542,issue_2,,0.0
1543,issue_2,,0.0
1544,issue_2,,0.0
1548,issue_2,,0.0
1549,issue_2,,0.0
1551,issue_2,,0.0
1552,issue_2,,0.0
1553,issue_2,,0.0
1556,issue_2,,0.0
1557,issue_2,,0.0
1560,issue_2,,0.0
1564,issue_2,,0.0
1565,issue_2,,0.0
1566,issue_2,,0.0
1567,issue_2,,0.0
1568,issue_2,,0.0
1569,issue_2,,0.0
1570,issue_2,,0.0
1571,issue_2,,0.0
1572,issue_2,,0.0
1573,issue_2,,0.0
1574,issue_2,,0.0
1576,issue_2,,0.0
1577,issue_2,,0.0
1578,issue_2,,0.0
1581,issue_2,,0.0
1582,issue_2,,0.0
1584,issue_2,,0.0
1585,issue_2,,0.0
1586,issue_2,,0.0
1588,issue_2,,0.0
1589,issue_2,,0.0
1591,issue_2,,0.0
1592,issue_2,,0.0
1593,issue_2,,0.0
1594,issue_2,,0.0
1596,issue_2,,0.0
1598,issue_2,,0.0
1599,issue_2,,0.0
1601,issue_2,,0.0
1602,issue_2,,0.0
1603,issue_2,,0.0
1605,issue_2,,0.0
1609,issue_2,,0.0
1610,issue_2,,0.0
1613,issue_2,,0.0
1614,issue_2,,0.0
1615,issue_2,,0.0
1616,issue_2,,0.0
1618,issue_2,,0.0
1620,issue_2,,0.0
1622,issue_2,,0.0
1626,issue_2,,0.0
1627,issue_2,,0.0
1629,issue_2,,0.0
1630,issue_2,,0.0
1631,issue_2,,0.0
1632,issue_2,,0.0
1634,issue_2,,0.0
1635,issue_2,,0.0
1636,issue_2,,0.0
1637,issue_2,,0.0
1638,issue_2,,0.0
1639,issue_2,,0.0
1640,issue_2,,0.0
1641,issue_2,,0.0
1643,issue_2,,0.0
1644,issue_2,,0.0
1645,issue_2,,0.0
1646,issue_2,,0.0
1648,issue_2,,0.0
1649,issue_2,,0.0
1653,issue_2,,0.0
1654,issue_2,,0.0
1658,issue_2,,0.0
1663,issue_2,,0.0
1664,issue_2,,0.0
1665,issue_2,,0.0
1666,issue_2,,0.0
1667,issue_2,,0.0
1679,issue_3,,0.0
1681,issue_3,,0.0
1682,issue_3,,0.0
1684,issue_3,,0.0
1685,issue_3,,0.0
1686,issue_3,,0.0
1687,issue_3,,0.0
1688,issue_3,,0.0
1689,issue_3,,0.0
1690,issue_3,,0.0
1692,issue_3,,0.0
1693,issue_3,,0.0
1694,issue_3,,0.0
1695,issue_3,,0.0
1697,issue_3,,0.0
1698,issue_3,,0.0
1699,issue_3,,0.0
1701,issue_3,,0.0
1704,issue_3,,0.0
1705,issue_3,,0.0
1707,issue_3,,0.0
1709,issue_3,,0.0
1711,issue_3,,0.0
1712,issue_3,,0.0
1714,issue_3,,0.0
1715,issue_3,,0.0
1717,issue_3,,0.0
1718,issue_3,,0.0
1720,issue_3,,0.0
1721,issue_3,,0.0
1722,issue_3,,0.0
1725,issue_3,,0.0
1726,issue_3,,0.0
1727,issue_3,,0.0
1729,issue_3,,0.0
1731,issue_3,,0.0
1732,issue_3,,0.0
1735,issue_3,,0.0
1736,issue_3,,0.0
1737,issue_3,,0.0
1738,issue_3,,0.0
1739,issue_3,,0.0
1740,issue_3,,0.0
1745,issue_3,,0.0
1747,issue_3,,0.0
1750,issue_3,,0.0
1751,issue_3,,0.0
1752,issue_3,,0.0
1755,issue_3,,0.0
1758,issue_3,,0.0
1760,issue_3,,0.0
1761,issue_3,,0.0
1764,issue_3,,0.0
1765,issue_3,,0.0
1767,issue_3,,0.0
1768,issue_3,,0.0
1775,issue_3,,0.0
1779,issue_3,,0.0
1782,issue_3,,0.0
1785,issue_3,,0.0
1787,issue_3,,0.0
1788,issue_3,,0.0
1789,issue_3,,0.0
1791,issue_3,,0.0
1792,issue_3,,0.0
1794,issue_3,,0.0
1797,issue_3,,0.0
1798,issue_3,,0.0
1799,issue_3,,0.0
1803,issue_3,,0.0
1805,issue_3,,0.0
1809,issue_3,,0.0
1810,issue_3,,0.0
1812,issue_3,,0.0
1817,issue_3,,0.0
1822,issue_3,,0.0
1823,issue_3,,0.0
1827,issue_3,,0.0
1828,issue_3,,0.0
1829,issue_3,,0.0
1830,issue_3,,0.0
1832,issue_3,,0.0
1833,issue_3,,0.0
1834,issue_3,,0.0
1835,issue_3,,0.0
1837,issue_3,,0.0
1838,issue_3,,0.0
1839,issue_3,,0.0
1840,issue_3,,0.0
1841,issue_3,,0.0
1843,issue_3,,0.0
1845,issue_3,,0.0
1847,issue_3,,0.0
1848,issue_3,,0.0
1851,issue_3,,0.0
1852,issue_3,,0.0
1853,issue_3,,0.0
1854,issue_3,,0.0
1855,issue_3,,0.0
1856,issue_3,,0.0
1858,issue_3,,0.0
1859,issue_3,,0.0
1860,issue_3,,0.0
1861,issue_3,,0.0
1864,issue_3,,0.0
1875,issue_3,,0.0
1879,issue_3,,0.0
1884,issue_3,,0.0
1885,issue_3,,0.0
1887,issue_3,,0.0
1890,issue_3,,0.0
1892,issue_3,,0.0
1894,issue_3,,0.0
1895,issue_3,,0.0
1896,issue_3,,0.0
1898,issue_3,,0.0
1899,issue_3,,0.0
1900,issue_3,,0.0
1901,issue_3,,0.0
1904,issue_3,,0.0
1905,issue_3,,0.0
1906,issue_3,,0.0
1907,issue_3,,0.0
1908,issue_3,,0.0
1911,issue_3,,0.0
1913,issue_3,,0.0
1914,issue_3,,0.0
1915,issue_3,,0.0
1916,issue_3,,0.0
1918,issue_3,,0.0
1920,issue_3,,0.0
1921,issue_3,,0.0
1922,issue_3,,0.0
1923,issue_3,,0.0
1924,issue_3,,0.0
1925,issue_3,,0.0
1926,issue_3,,0.0
1927,issue_3,,0.0
1928,issue_3,,0.0
1929,issue_3,,0.0
1930,issue_3,,0.0
1932,issue_3,,0.0
1933,issue_3,,0.0
1934,issue_3,,0.0
1935,issue_3,,0.0
1936,issue_3,,0.0
1937,issue_3,,0.0
1939,issue_3,,0.0
1940,issue_3,,0.0
1941,issue_3,,0.0
1943,issue_3,,0.0
1946,issue_3,,0.0
1953,issue_3,,0.0
1955,issue_3,,0.0
1957,issue_3,,0.0
1958,issue_3,,0.0
1961,issue_3,,0.0
1963,issue_3,,0.0
1964,issue_3,,0.0
1968,issue_3,,0.0
1969,issue_3,,0.0
1971,issue_3,,0.0
1972,issue_3,,0.0
1974,issue_3,,0.0
1975,issue_3,,0.0
1976,issue_3,,0.0
1977,issue_3,,0.0
1978,issue_3,,0.0
1979,issue_3,,0.0
1981,issue_3,,0.0
1983,issue_3,,0.0
1984,issue_3,,0.0
1986,issue_3,,0.0
1987,issue_3,,0.0
1990,issue_3,,0.0
1993,issue_3,,0.0
1994,issue_3,,0.0
1996,issue_3,,0.0
1997,issue_3,,0.0
1998,issue_3,,0.0
1999,issue_3,,0.0
2000,issue_3,,0.0
2003,issue_3,,0.0
2006,issue_3,,0.0
2008,issue_3,,0.0
2009,issue_3,,0.0
2011,issue_3,,0.0
2013,issue_3,,0.0
2015,issue_3,,0.0
2017,issue_3,,0.0
2020,issue_3,,0.0
2022,issue_3,,0.0
2023,issue_3,,0.0
2024,issue_3,,0.0
2029,issue_3,,0.0
2032,issue_3,,0.0
2035,issue_3,,0.0
2037,issue_3,,0.0
2038,issue_3,,0.0
2039,issue_3,,0.0
2043,issue_3,,0.0
2045,issue_3,,0.0
2046,issue_3,,0.0
2050,issue_3,,0.0
2051,issue_3,,0.0
2052,issue_3,,0.0
2053,issue_3,,0.0
2054,issue_3,,0.0
2055,issue_3,,0.0
2058,issue_3,,0.0
2061,issue_3,,0.0
2062,issue_3,,0.0
2063,issue_3,,0.0
2065,issue_3,,0.0
2066,issue_3,,0.0
2067,issue_3,,0.0
2068,issue_3,,0.0
2069,issue_3,,0.0
2070,issue_3,,0.0
2071,issue_3,,0.0
2072,issue_3,,0.0
2073,issue_3,,0.0
2074,issue_3,,0.0
2076,issue_3,,0.0
2077,issue_3,,0.0
2079,issue_3,,0.0
2080,issue_3,,0.0
2081,issue_3,,0.0
2082,issue_3,,0.0
2086,issue_3,,0.0
2087,issue_3,,0.0
2088,issue_3,,0.0
2089,issue_3,,0.0
2090,issue_3,,0.0
2092,issue_3,,0.0
2093,issue_3,,0.0
2094,issue_3,,0.0
2095,issue_3,,0.0
2096,issue_3,,0.0
2097,issue_3,,0.0
2100,issue_3,,0.0
2101,issue_3,,0.0
2102,issue_3,,0.0
2103,issue_3,,0.0
2104,issue_3,,0.0
2106,issue_3,,0.0
2107,issue_3,,0.0
2108,issue_3,,0.0
2109,issue_3,,0.0
2110,issue_3,,0.0
2111,issue_3,,0.0
2114,issue_3,,0.0
2115,issue_3,,0.0
2116,issue_3,,0.0
2117,issue_3,,0.0
2118,issue_3,,0.0
2121,issue_3,,0.0
2122,issue_3,,0.0
2130,issue_3,,0.0
2134,issue_3,,0.0
2136,issue_3,,0.0
2137,issue_3,,0.0
2139,issue_3,,0.0
2140,issue_3,,0.0
2141,issue_3,,0.0
2143,issue_3,,0.0
2144,issue_3,,0.0
2147,issue_3,,0.0
2149,issue_3,,0.0
2151,issue_3,,0.0
2152,issue_3,,0.0
2156,issue_3,,0.0
2157,issue_3,,0.0
2161,issue_3,,0.0
2164,issue_3,,0.0
2165,issue_3,,0.0
2167,issue_3,,0.0
2168,issue_3,,0.0
2169,issue_3,,0.0
2171,issue_3,,0.0
2173,issue_3,,0.0
2174,issue_3,,0.0
2178,issue_3,,0.0
2179,issue_3,,0.0
2180,issue_3,,0.0
2181,issue_3,,0.0
2182,issue_3,,0.0
2183,issue_3,,0.0
2184,issue_3,,0.0
2185,issue_3,,0.0
2186,issue_3,,0.0
2187,issue_3,,0.0
2188,issue_3,,0.0
2189,issue_3,,0.0
2190,issue_3,,0.0
2191,issue_3,,0.0
2193,issue_3,,0.0
2195,issue_3,,0.0
2196,issue_3,,0.0
2198,issue_3,,0.0
2200,issue_3,,0.0
2206,issue_3,,0.0
2207,issue_3,,0.0
2208,issue_3,,0.0
2209,issue_3,,0.0
2210,issue_3,,0.0
2211,issue_3,,0.0
2212,issue_3,,0.0
2214,issue_3,,0.0
2215,issue_3,,0.0
2216,issue_3,,0.0
2217,issue_3,,0.0
2218,issue_3,,0.0
2220,issue_3,,0.0
2221,issue_3,,0.0
2222,issue_3,,0.0
2223,issue_3,,0.0
2225,issue_3,,0.0
2226,issue_3,,0.0
2227,issue_3,,0.0
2228,issue_3,,0.0
2229,issue_3,,0.0
2231,issue_3,,0.0
2234,issue_3,,0.0
2235,issue_3,,0.0
2236,issue_3,,0.0
2238,issue_3,,0.0
2241,issue_3,,0.0
2243,issue_3,,0.0
2244,issue_3,,0.0
2245,issue_3,,0.0
2250,issue_3,,0.0
2251,issue_3,,0.0
2252,issue_3,,0.0
2253,issue_3,,0.0
2255,issue_3,,0.0
2256,issue_3,,0.0
2258,issue_3,,0.0
2259,issue_3,,0.0
2260,issue_3,,0.0
2261,issue_3,,0.0
2263,issue_3,,0.0
2266,issue_3,,0.0
2268,issue_3,,0.0
2269,issue_3,,0.0
2270,issue_3,,0.0
2271,issue_3,,0.0
2272,issue_3,,0.0
2274,issue_3,,0.0
2275,issue_3,,0.0
2279,issue_3,,0.0
2280,issue_3,,0.0
2282,issue_3,,0.0
2284,issue_3,,0.0
2286,issue_3,,0.0
2288,issue_3,,0.0
2289,issue_3,,0.0
2290,issue_3,,0.0
2291,issue_3,,0.0
2293,issue_3,,0.0
2294,issue_3,,0.0
2295,issue_3,,0.0
2301,issue_3,,0.0
2303,issue_3,,0.0
2305,issue_3,,0.0
2306,issue_3,,0.0
2308,issue_3,,0.0
2310,issue_3,,0.0
2311,issue_3,,0.0
2312,issue_3,,0.0
2314,issue_3,,0.0
2315,issue_3,,0.0
2316,issue_3,,0.0
2317,issue_3,,0.0
2318,issue_3,,0.0
2319,issue_3,,0.0
2320,issue_3,,0.0
2321,issue_3,,0.0
2322,issue_3,,0.0
2324,issue_3,,0.0
2325,issue_3,,0.0
2326,issue_3,,0.0
2327,issue_3,,0.0
2328,issue_3,,0.0
2329,issue_3,,0.0
2330,issue_3,,0.0
2331,issue_3,,0.0
2335,issue_3,,0.0
2336,issue_3,,0.0
2337,issue_3,,0.0
2338,issue_3,,0.0
2339,issue_3,,0.0
2341,issue_3,,0.0
2342,issue_3,,0.0
2343,issue_3,,0.0
2348,issue_3,,0.0
2349,issue_3,,0.0
2353,issue_4-5,sitio_entredichos_4-5,0.0
2359,issue_4-5,sitio_entredichos_4-5,0.0
2360,issue_4-5,sitio_entredichos_4-5,0.0
2362,issue_4-5,sitio_entredichos_4-5,0.0
2364,issue_4-5,sitio_entredichos_4-5,0.0
2366,issue_4-5,sitio_entredichos_4-5,0.0
2368,issue_4-5,,0.0
2369,issue_4-5,,0.0
2371,issue_4-5,,0.0
2372,issue_4-5,,0.0
2373,issue_4-5,,0.0
2374,issue_4-5,,0.0
2375,issue_4-5,,0.0
2376,issue_4-5,,0.0
2377,issue_4-5,,0.0
2378,issue_4-5,,0.0
2379,issue_4-5,,0.0
2381,issue_4-5,,0.0
2383,issue_4-5,,0.0
2384,issue_4-5,,0.0
2385,issue_4-5,,0.0
2386,issue_4-5,,0.0
2388,issue_4-5,,0.0
2389,issue_4-5,,0.0
2390,issue_4-5,,0.0
2391,issue_4-5,,0.0
2392,issue_4-5,,0.0
2395,issue_4-5,,0.0
2396,issue_4-5,,0.0
2397,issue_4-5,,0.0
2398,issue_4-5,,0.0
2400,issue_4-5,,0.0
2403,issue_4-5,,0.0
2404,issue_4-5,,0.0
2405,issue_4-5,,0.0
2406,issue_4-5,,0.0
2407,issue_4-5,,0.0
2408,issue_4-5,,0.0
2410,issue_4-5,,0.0
2411,issue_4-5,,0.0
2412,issue_4-5,,0.0
2419,issue_4-5,,0.0
2421,issue_4-5,,0.0
2422,issue_4-5,,0.0
2423,issue_4-5,,0.0
2424,issue_4-5,,0.0
2425,issue_4-5,,0.0
2426,issue_4-5,,0.0
2428,issue_4-5,,0.0
2432,issue_4-5,,0.0
2434,issue_4-5,,0.0
2435,issue_4-5,,0.0
2436,issue_4-5,,0.0
2437,issue_4-5,,0.0
2438,issue_4-5,,0.0
2441,issue_4-5,,0.0
2444,issue_4-5,,0.0
2445,issue_4-5,,0.0
2447,issue_4-5,,0.0
2448,issue_4-5,,0.0
2451,issue_4-5,,0.0
2452,issue_4-5,,0.0
2453,issue_4-5,,0.0
2454,issue_4-5,,0.0
2457,issue_4-5,,0.0
2458,issue_4-5,,0.0
2459,issue_4-5,,0.0
2461,issue_4-5,,0.0
2463,issue_4-5,,0.0
2465,issue_4-5,,0.0
2468,issue_4-5,,0.0
2469,issue_4-5,,0.0
2470,issue_4-5,,0.0
2471,issue_4-5,,0.0
2474,issue_4-5,,0.0
2477,issue_4-5,,0.0
2478,issue_4-5,,0.0
2480,issue_4-5,,0.0
2484,issue_4-5,,0.0
2485,issue_4-5,,0.0
2487,issue_4-5,,0.0
2488,issue_4-5,,0.0
2489,issue_4-5,,0.0
2490,issue_4-5,,0.0
2491,issue_4-5,,0.0
2493,issue_4-5,,0.0
2497,issue_4-5,,0.0
2499,issue_4-5,,0.0
2500,issue_4-5,,0.0
2503,issue_4-5,,0.0
2508,issue_4-5,,0.0
2509,issue_4-5,,0.0
2510,issue_4-5,,0.0
2511,issue_4-5,,0.0
2512,issue_4-5,,0.0
2513,issue_4-5,,0.0
2514,issue_4-5,,0.0
2515,issue_4-5,,0.0
2517,issue_4-5,,0.0
2518,issue_4-5,,0.0
2519,issue_4-5,,0.0
2520,issue_4-5,,0.0
2522,issue_4-5,,0.0
2523,issue_4-5,,0.0
2524,issue_4-5,,0.0
2525,issue_4-5,,0.0
2529,issue_4-5,,0.0
2530,issue_4-5,,0.0
2532,issue_4-5,,0.0
2534,issue_4-5,,0.0
2535,issue_4-5,,0.0
2539,issue_4-5,,0.0
2540,issue_4-5,,0.0
2544,issue_4-5,,0.0
2549,issue_4-5,,0.0
2552,issue_4-5,,0.0
2555,issue_4-5,,0.0
2557,issue_4-5,,0.0
2559,issue_4-5,,0.0
2560,issue_4-5,,0.0
2561,issue_4-5,,0.0
2562,issue_4-5,,0.0
2564,issue_4-5,,0.0
2565,issue_4-5,,0.0
2566,issue_4-5,,0.0
2568,issue_4-5,,0.0
2569,issue_4-5,,0.0
2570,issue_4-5,,0.0
2571,issue_4-5,,0.0
2573,issue_4-5,,0.0
2574,issue_4-5,,0.0
2577,issue_4-5,,0.0
2578,issue_4-5,,0.0
2580,issue_4-5,,0.0
2581,issue_4-5,,0.0
2586,issue_4-5,,0.0
2591,issue_4-5,,0.0
2592,issue_4-5,,0.0
2593,issue_4-5,,0.0
2596,issue_4-5,,0.0
2597,issue_4-5,,0.0
2600,issue_4-5,,0.0
2603,issue_4-5,,0.0
2605,issue_4-5,,0.0
2607,issue_4-5,,0.0
2609,issue_4-5,,0.0
2611,issue_4-5,,0.0
2612,issue_4-5,,0.0
2613,issue_4-5,,0.0
2614,issue_4-5,,0.0
2616,issue_4-5,,0.0
2618,issue_4-5,,0.0
2619,issue_4-5,,0.0
2620,issue_4-5,,0.0
2621,issue_4-5,,0.0
2622,issue_4-5,,0.0
2624,issue_4-5,,0.0
2625,issue_4-5,,0.0
2626,issue_4-5,,0.0
2627,issue_4-5,,0.0
2630,issue_4-5,,0.0
2631,issue_4-5,,0.0
2632,issue_4-5,,0.0
2634,issue_4-5,,0.0
2635,issue_4-5,,0.0
2637,issue_4-5,,0.0
2642,issue_4-5,,0.0
2645,issue_4-5,,0.0
2646,issue_4-5,,0.0
2647,issue_4-5,,0.0
2648,issue_4-5,,0.0
2649,issue_4-5,,0.0
2650,issue_4-5,,0.0
2653,issue_4-5,,0.0
2654,issue_4-5,,0.0
2656,issue_4-5,,0.0
2657,issue_4-5,,0.0
2658,issue_4-5,,0.0
2661,issue_4-5,,0.0
2662,issue_4-5,,0.0
2663,issue_4-5,,0.0
2665,issue_4-5,,0.0
2666,issue_4-5,,0.0
2668,issue_4-5,,0.0
2669,issue_4-5,,0.0
2670,issue_4-5,,0.0
2671,issue_4-5,,0.0
2672,issue_4-5,,0.0
2673,issue_4-5,,0.0
2677,issue_4-5,,0.0
2678,issue_4-5,,0.0
2681,issue_4-5,,0.0
2682,issue_4-5,,0.0
2683,issue_4-5,,0.0
2684,issue_4-5,,0.0
2685,issue_4-5,,0.0
2686,issue_4-5,,0.0
2688,issue_4-5,,0.0
2692,issue_4-5,,0.0
2693,issue_4-5,,0.0
2695,issue_4-5,,0.0
2698,issue_4-5,,0.0
2699,issue_4-5,,0.0
2700,issue_4-5,,0.0
2701,issue_4-5,,0.0
2702,issue_4-5,,0.0
2703,issue_4-5,,0.0
2704,issue_4-5,,0.0
2705,issue_4-5,,0.0
2708,issue_4-5,,0.0
2711,issue_4-5,,0.0
2712,issue_4-5,,0.0
2714,issue_4-5,,0.0
2715,issue_4-5,,0.0
2716,issue_4-5,,0.0
2717,issue_4-5,,0.0
2718,issue_4-5,,0.0
2719,issue_4-5,,0.0
2720,issue_4-5,,0.0
2721,issue_4-5,,0.0
2723,issue_4-5,,0.0
2724,issue_4-5,,0.0
2725,issue_4-5,,0.0
2726,issue_4-5,,0.0
2727,issue_4-5,,0.0
2728,issue_4-5,,0.0
2730,issue_4-5,,0.0
2731,issue_4-5,,0.0
2732,issue_4-5,,0.0
2733,issue_4-5,,0.0
2734,issue_4-5,,0.0
2737,issue_4-5,,0.0
2739,issue_4-5,,0.0
2740,issue_4-5,,0.0
2741,issue_4-5,,0.0
2742,issue_4-5,,0.0
2746,issue_4-5,,0.0
2749,issue_4-5,,0.0
2765,issue_4-5,,0.0
2766,issue_4-5,,0.0
2767,issue_4-5,,0.0
2769,issue_4-5,,0.0
2775,issue_4-5,,0.0
2776,issue_4-5,,0.0
2777,issue_4-5,,0.0
2778,issue_4-5,,0.0
2779,issue_4-5,,0.0
2780,issue_4-5,,0.0
2781,issue_4-5,,0.0
2786,issue_4-5,,0.0
2787,issue_4-5,,0.0
2789,issue_4-5,,0.0
2792,issue_4-5,,0.0
2795,issue_4-5,,0.0
2796,issue_4-5,,0.0
2798,issue_4-5,,0.0
2800,issue_4-5,,0.0
2801,issue_4-5,,0.0
2803,issue_4-5,,0.0
2805,issue_4-5,,0.0
2807,issue_4-5,,0.0
2808,issue_4-5,,0.0
2809,issue_4-5,,0.0
2810,issue_4-5,,0.0
2811,issue_4-5,,0.0
2812,issue_4-5,,0.0
2813,issue_4-5,,0.0
2817,issue_4-5,,0.0
2818,issue_4-5,,0.0
2820,issue_4-5,,0.0
2822,issue_4-5,,0.0
2823,issue_4-5,,0.0
2824,issue_4-5,,0.0
2825,issue_4-5,,0.0
2827,issue_4-5,,0.0
2828,issue_4-5,,0.0
2833,issue_4-5,,0.0
2835,issue_4-5,,0.0
2836,issue_4-5,,0.0
2840,issue_4-5,,0.0
2841,issue_4-5,,0.0
2842,issue_4-5,,0.0
2843,issue_4-5,,0.0
2844,issue_4-5,,0.0
2845,issue_4-5,,0.0
2847,issue_4-5,,0.0
2848,issue_4-5,,0.0
2849,issue_4-5,,0.0
2850,issue_4-5,,0.0
2851,issue_4-5,,0.0
2852,issue_4-5,,0.0
2854,issue_4-5,,0.0
2855,issue_4-5,,0.0
2857,issue_4-5,,0.0
2858,issue_4-5,,0.0
2859,issue_4-5,,0.0
2860,issue_4-5,,0.0
2861,issue_4-5,,0.0
2862,issue_4-5,,0.0
2863,issue_4-5,,0.0
2864,issue_4-5,,0.0
2865,issue_4-5,,0.0
2866,issue_4-5,,0.0
2868,issue_4-5,,0.0
2869,issue_4-5,,0.0
2870,issue_4-5,,0.0
2871,issue_4-5,,0.0
2872,issue_4-5,,0.0
2873,issue_4-5,,0.0
2875,issue_4-5,,0.0
2876,issue_4-5,,0.0
2877,issue_4-5,,0.0
2878,issue_4-5,,0.0
2880,issue_4-5,,0.0
2881,issue_4-5,,0.0
2883,issue_4-5,,0.0
2884,issue_4-5,,0.0
2889,issue_4-5,,0.0
2891,issue_4-5,,0.0
2893,issue_4-5,,0.0
2894,issue_4-5,,0.0
2897,issue_4-5,,0.0
2898,issue_4-5,,0.0
2899,issue_4-5,,0.0
2901,issue_4-5,,0.0
2902,issue_4-5,,0.0
2903,issue_4-5,,0.0
2904,issue_4-5,,0.0
2905,issue_4-5,,0.0
2906,issue_4-5,,0.0
2907,issue_4-5,,0.0
2908,issue_4-5,,0.0
2909,issue_4-5,,0.0
2910,issue_4-5,,0.0
2911,issue_4-5,,0.0
2913,issue_4-5,,0.0
2914,issue_4-5,,0.0
2915,issue_4-5,,0.0
2916,issue_4-5,,0.0
2919,issue_4-5,,0.0
2920,issue_4-5,,0.0
2921,issue_4-5,,0.0
2923,issue_4-5,,0.0
2926,issue_4-5,,0.0
2927,issue_4-5,,0.0
2928,issue_4-5,,0.0
2929,issue_4-5,,0.0
2930,issue_4-5,,0.0
2932,issue_4-5,,0.0
2933,issue_4-5,,0.0
2935,issue_4-5,,0.0
2939,issue_4-5,,0.0
2941,issue_4-5,,0.0
2943,issue_4-5,,0.0
2944,issue_4-5,,0.0
2949,issue_4-5,,0.0
2951,issue_4-5,,0.0
2956,issue_4-5,,0.0
2957,issue_4-5,,0.0
2958,issue_4-5,,0.0
2961,issue_4-5,,0.0
2964,issue_4-5,,0.0
2967,issue_4-5,,0.0
2968,issue_4-5,,0.0
2970,issue_4-5,,0.0
2971,issue_4-5,,0.0
2972,issue_4-5,,0.0
2973,issue_4-5,,0.0
2974,issue_4-5,,0.0
2975,issue_4-5,,0.0
2976,issue_4-5,,0.0
2977,issue_4-5,,0.0
2979,issue_4-5,,0.0
2981,issue_4-5,,0.0
2985,issue_4-5,,0.0
2986,issue_4-5,,0.0
2988,issue_4-5,,0.0
2989,issue_4-5,,0.0
2991,issue_4-5,,0.0
2993,issue_4-5,,0.0
2994,issue_4-5,,0.0
2995,issue_4-5,,0.0
2996,issue_4-5,,0.0
2997,issue_4-5,,0.0
2998,issue_4-5,,0.0
3000,issue_4-5,,0.0
3001,issue_4-5,,0.0
3002,issue_4-5,,0.0
3003,issue_4-5,,0.0
3004,issue_4-5,,0.0
3005,issue_4-5,,0.0
3007,issue_4-5,,0.0
3009,issue_4-5,,0.0
3013,issue_4-5,,0.0
3015,issue_4-5,,0.0
3016,issue_4-5,,0.0
3017,issue_4-5,,0.0
3021,issue_6,Entredichos_6,0.0
3024,issue_6,Entredichos_6,0.0
3032,issue_6,Entredichos_6,0.0
3033,issue_6,Entredichos_6,0.0
3034,issue_6,Entredichos_6,0.0
3039,issue_6,,0.0
3043,issue_6,,0.0
3044,issue_6,,0.0
3047,issue_6,,0.0
3049,issue_6,,0.0
3050,issue_6,,0.0
3052,issue_6,,0.0
3053,issue_6,,0.0
3057,issue_6,,0.0
3061,issue_6,,0.0
3063,issue_6,,0.0
3070,issue_6,,0.0
3075,issue_6,,0.0
3092,issue_6,,0.0
3094,issue_6,,0.0
3095,issue_6,,0.0
3096,issue_6,,0.0
3099,issue_6,,0.0
3101,issue_6,,0.0
3104,issue_6,,0.0
3151,issue_6,,0.0
3154,issue_6,,0.0
3180,issue_6,,0.0
3181,issue_6,,0.0
3182,issue_6,,0.0
3185,issue_6,,0.0
3187,issue_6,,0.0
3192,issue_6,,0.0
3207,issue_6,,0.0
3220,issue_6,,0.0
3223,issue_6,,0.0
3235,issue_6,,0.0
3236,issue_6,,0.0
3248,issue_6,,0.0
3250,issue_6,,0.0
3259,issue_6,,0.0
3260,issue_6,,0.0
3261,issue_6,,0.0
3262,issue_6,,0.0
3264,issue_6,,0.0
3272,issue_6,,0.0
3275,issue_6,,0.0
3302,issue_6,,0.0
3316,issue_6,,0.0
3319,issue_6,,0.0
3322,issue_6,,0.0
3323,issue_6,,0.0
3327,issue_6,,0.0
3328,issue_6,,0.0
3329,issue_6,,0.0
3335,issue_6,,0.0
3336,issue_6,,0.0
3338,issue_6,,0.0
3339,issue_6,,0.0
3353,issue_6,,0.0
3354,issue_6,,0.0
3355,issue_6,,0.0
3356,issue_6,,0.0
3357,issue_6,,0.0
3397,issue_6,,0.0
3400,issue_6,,0.0
3401,issue_6,,0.0
3403,issue_6,,0.0
3404,issue_6,,0.0
3405,issue_6,,0.0
3406,issue_6,,0.0
3407,issue_6,,0.0
3409,issue_6,,0.0
3412,issue_6,,0.0
3413,issue_6,,0.0
3414,issue_6,,0.0
3417,issue_6,,0.0
3419,issue_6,,0.0
3420,issue_6,,0.0
3424,issue_6,,0.0
3425,issue_6,,0.0
3426,issue_6,,0.0
3427,issue_6,,0.0
3430,issue_6,,0.0
3432,issue_6,,0.0
3433,issue_6,,0.0
3440,issue_6,,0.0
3441,issue_6,,0.0
3443,issue_6,,0.0
3445,issue_6,,0.0
3449,issue_6,,0.0
3464,issue_6,,0.0
3469,issue_6,,0.0
3,issue_1,,0.0526
16,issue_1,Jinkis_Entredichos_1,0.0526
17,issue_1,Jinkis_Entredichos_1,0.0526
20,issue_1,Jinkis_Entredichos_1,0.0526
23,issue_1,Jinkis_Entredichos_1,0.0526
24,issue_1,Grüner_Entredichos_1,0.0526
40,issue_1,Gusmán_Entredichos_1,0.0526
46,issue_1,Gusmán_Entredichos_1,0.0526
51,issue_1,Gusmán_Entredichos_1,0.0526
56,issue_1,,0.0526
57,issue_1,,0.0526
60,issue_1,,0.0526
63,issue_1,,0.0526
66,issue_1,,0.0526
67,issue_1,,0.0526
70,issue_1,,0.0526
75,issue_1,,0.0526
77,issue_1,,0.0526
79,issue_1,,0.0526
82,issue_1,,0.0526
88,issue_1,,0.0526
92,issue_1,,0.0526
100,issue_1,,0.0526
102,issue_1,,0.0526
105,issue_1,,0.0526
114,issue_1,,0.0526
119,issue_1,,0.0526
123,issue_1,,0.0526
138,issue_1,,0.0526
148,issue_1,,0.0526
157,issue_1,,0.0526
162,issue_1,,0.0526
165,issue_1,,0.0526
169,issue_1,,0.0526
178,issue_1,,0.0526
186,issue_1,,0.0526
192,issue_1,,0.0526
193,issue_1,,0.0526
196,issue_1,,0.0526
198,issue_1,,0.0526
200,issue_1,,0.0526
201,issue_1,,0.0526
205,issue_1,,0.0526
206,issue_1,,0.0526
207,issue_1,,0.0526
211,issue_1,,0.0526
212,issue_1,,0.0526
218,issue_1,,0.0526
223,issue_1,,0.0526
230,issue_1,,0.0526
231,issue_1,,0.0526
232,issue_1,,0.0526
233,issue_1,,0.0526
236,issue_1,,0.0526
237,issue_1,,0.0526
240,issue_1,,0.0526
242,issue_1,,0.0526
247,issue_1,,0.0526
250,issue_1,,0.0526
253,issue_1,,0.0526
254,issue_1,,0.0526
257,issue_1,,0.0526
259,issue_1,,0.0526
260,issue_1,,0.0526
262,issue_1,,0.0526
265,issue_1,,0.0526
268,issue_1,,0.0526
282,issue_1,,0.0526
286,issue_1,,0.0526
290,issue_1,,0.0526
292,issue_1,,0.0526
298,issue_1,,0.0526
299,issue_1,,0.0526
300,issue_1,,0.0526
307,issue_1,,0.0526
326,issue_1,,0.0526
327,issue_1,,0.0526
332,issue_1,,0.0526
335,issue_1,,0.0526
340,issue_1,,0.0526
350,issue_1,,0.0526
354,issue_1,,0.0526
359,issue_1,,0.0526
360,issue_1,,0.0526
363,issue_1,,0.0526
364,issue_1,,0.0526
367,issue_1,,0.0526
368,issue_1,,0.0526
369,issue_1,,0.0526
370,issue_1,,0.0526
371,issue_1,,0.0526
372,issue_1,,0.0526
373,issue_1,,0.0526
379,issue_1,,0.0526
384,issue_1,,0.0526
385,issue_1,,0.0526
388,issue_1,,0.0526
390,issue_1,,0.0526
406,issue_1,,0.0526
419,issue_1,,0.0526
424,issue_1,,0.0526
426,issue_1,bloy_texto_citado,0.0526
432,issue_1,bloy_texto_citado,0.0526
434,issue_1,bloy_texto_citado,0.0526
435,issue_1,bloy_texto_citado,0.0526
436,issue_1,bloy_texto_citado,0.0526
439,issue_1,bloy_texto_citado,0.0526
440,issue_1,bloy_texto_citado,0.0526
441,issue_1,bloy_texto_citado,0.0526
442,issue_1,bloy_texto_citado,0.0526
446,issue_1,bloy_texto_citado,0.0526
448,issue_1,bloy_texto_citado,0.0526
449,issue_1,bloy_texto_citado,0.0526
452,issue_1,bloy_texto_citado,0.0526
455,issue_1,bloy_texto_citado,0.0526
456,issue_1,bloy_texto_citado,0.0526
460,issue_1,bloy_texto_citado,0.0526
464,issue_1,bloy_texto_citado,0.0526
466,issue_1,bloy_texto_citado,0.0526
469,issue_1,bloy_texto_citado,0.0526
472,issue_1,bloy_texto_citado,0.0526
476,issue_1,bloy_texto_citado,0.0526
480,issue_1,bloy_texto_citado,0.0526
483,issue_1,bloy_texto_citado,0.0526
484,issue_1,bloy_texto_citado,0.0526
494,issue_1,bloy_texto_citado,0.0526
496,issue_1,bloy_texto_citado,0.0526
501,issue_1,bloy_texto_citado,0.0526
503,issue_1,bloy_texto_citado,0.0526
515,issue_1,bloy_texto_citado,0.0526
517,issue_1,bloy_texto_citado,0.0526
521,issue_1,bloy_texto_citado,0.0526
525,issue_1,bloy_texto_citado,0.0526
528,issue_1,bloy_texto_citado,0.0526
533,issue_1,bloy_texto_citado,0.0526
535,issue_1,bloy_texto_citado,0.0526
536,issue_1,bloy_texto_citado,0.0526
538,issue_1,bloy_texto_citado,0.0526
546,issue_1,bloy_texto_citado,0.0526
557,issue_1,bloy_texto_citado,0.0526
560,issue_1,bloy_texto_citado,0.0526
565,issue_1,bloy_texto_citado,0.0526
570,issue_1,bloy_texto_citado,0.0526
572,issue_1,bloy_texto_citado,0.0526
573,issue_1,bloy_texto_citado,0.0526
581,issue_1,bloy_texto_citado,0.0526
588,issue_1,bloy_texto_citado,0.0526
590,issue_1,bloy_texto_citado,0.0526
592,issue_1,bloy_texto_citado,0.0526
600,issue_1,bloy_texto_citado,0.0526
622,issue_1,bloy_texto_citado,0.0526
626,issue_1,bloy_texto_citado,0.0526
629,issue_1,bloy_texto_citado,0.0526
630,issue_1,bloy_texto_citado,0.0526
631,issue_1,bloy_texto_citado,0.0526
632,issue_1,bloy_texto_citado,0.0526
633,issue_1,bloy_texto_citado,0.0526
645,issue_1,bloy_texto_citado,0.0526
646,issue_1,bloy_texto_citado,0.0526
653,issue_1,bloy_texto_citado,0.0526
658,issue_1,bloy_texto_citado,0.0526
659,issue_1,bloy_texto_citado,0.0526
662,issue_1,bloy_texto_citado,0.0526
667,issue_1,bloy_texto_citado,0.0526
670,issue_1,bloy_texto_citado,0.0526
671,issue_1,bloy_texto_citado,0.0526
672,issue_1,bloy_texto_citado,0.0526
677,issue_1,bloy_texto_citado,0.0526
685,issue_1,bloy_texto_citado,0.0526
689,issue_1,bloy_texto_citado,0.0526
698,issue_1,bloy_texto_citado,0.0526
702,issue_1,bloy_texto_citado,0.0526
704,issue_1,bloy_texto_citado,0.0526
705,issue_1,bloy_texto_citado,0.0526
706,issue_1,bloy_texto_citado,0.0526
709,issue_1,bloy_texto_citado,0.0526
710,issue_1,bloy_texto_citado,0.0526
717,issue_1,bloy_texto_citado,0.0526
718,issue_1,bloy_texto_citado,0.0526
719,issue_1,bloy_texto_citado,0.0526
720,issue_1,bloy_texto_citado,0.0526
726,issue_1,bloy_texto_citado,0.0526
727,issue_1,bloy_texto_citado,0.0526
729,issue_1,bloy_texto_citado,0.0526
731,issue_1,bloy_texto_citado,0.0526
733,issue_1,bloy_texto_citado,0.0526
735,issue_1,bloy_texto_citado,0.0526
737,issue_1,bloy_texto_citado,0.0526
741,issue_1,bloy_texto_citado,0.0526
742,issue_1,bloy_texto_citado,0.0526
746,issue_1,bloy_texto_citado,0.0526
748,issue_1,bloy_texto_citado,0.0526
751,issue_1,bloy_texto_citado,0.0526
756,issue_1,bloy_texto_citado,0.0526
757,issue_1,bloy_texto_citado,0.0526
763,issue_1,bloy_texto_citado,0.0526
766,issue_1,bloy_texto_citado,0.0526
768,issue_1,bloy_texto_citado,0.0526
775,issue_1,bloy_texto_citado,0.0526
791,issue_1,bloy_texto_citado,0.0526
794,issue_1,bloy_texto_citado,0.0526
799,issue_1,bloy_texto_citado,0.0526
803,issue_1,bloy_texto_citado,0.0526
804,issue_1,bloy_texto_citado,0.0526
805,issue_1,bloy_texto_citado,0.0526
808,issue_1,bloy_texto_citado,0.0526
809,issue_1,bloy_texto_citado,0.0526
810,issue_1,bloy_texto_citado,0.0526
812,issue_1,bloy_texto_citado,0.0526
815,issue_1,bloy_texto_citado,0.0526
821,issue_1,bloy_texto_citado,0.0526
822,issue_1,bloy_texto_citado,0.0526
831,issue_1,bloy_texto_citado,0.0526
832,issue_1,bloy_texto_citado,0.0526
834,issue_1,bloy_texto_citado,0.0526
845,issue_1,bloy_texto_citado,0.0526
847,issue_1,bloy_texto_citado,0.0526
858,issue_1,bloy_texto_citado,0.0526
859,issue_1,bloy_texto_citado,0.0526
861,issue_1,bloy_texto_citado,0.0526
866,issue_1,,0.0526
869,issue_1,zola_texto_citado,0.0526
871,issue_1,zola_texto_citado,0.0526
875,issue_1,zola_texto_citado,0.0526
876,issue_1,zola_texto_citado,0.0526
881,issue_1,zola_texto_citado,0.0526
883,issue_1,zola_texto_citado,0.0526
884,issue_1,zola_texto_citado,0.0526
886,issue_1,zola_texto_citado,0.0526
889,issue_1,zola_texto_citado,0.0526
891,issue_1,zola_texto_citado,0.0526
892,issue_1,zola_texto_citado,0.0526
901,issue_1,zola_texto_citado,0.0526
907,issue_1,zola_texto_citado,0.0526
921,issue_1,,0.0526
922,issue_1,,0.0526
923,issue_1,,0.0526
930,issue_1,,0.0526
936,issue_1,,0.0526
958,issue_1,,0.0526
959,issue_1,,0.0526
961,issue_1,,0.0526
962,issue_1,,0.0526
966,issue_1,,0.0526
973,issue_1,,0.0526
976,issue_1,,0.0526
979,issue_1,,0.0526
991,issue_1,,0.0526
993,issue_1,,0.0526
995,issue_1,,0.0526
1005,issue_1,,0.0526
1007,issue_1,,0.0526
1013,issue_1,,0.0526
1018,issue_1,,0.0526
1019,issue_1,,0.0526
1020,issue_1,,0.0526
1024,issue_1,,0.0526
1031,issue_1,,0.0526
1032,issue_1,,0.0526
1042,issue_1,,0.0526
1045,issue_1,molloy_dario,0.0526
1047,issue_1,molloy_dario,0.0526
1056,issue_1,molloy_dario,0.0526
1058,issue_1,molloy_dario,0.0526
1060,issue_1,molloy_dario,0.0526
1067,issue_1,molloy_dario,0.0526
1070,issue_1,molloy_dario,0.0526
1073,issue_1,molloy_dario,0.0526
1074,issue_1,molloy_dario,0.0526
1076,issue_1,molloy_dario,0.0526
1085,issue_1,,0.0526
1087,issue_1,,0.0526
1093,issue_1,,0.0526
1096,issue_1,,0.0526
1102,issue_1,,0.0526
1105,issue_1,,0.0526
1111,issue_1,,0.0526
1114,issue_1,,0.0526
1124,issue_1,,0.0526
1125,issue_1,,0.0526
1144,issue_1,,0.0526
1145,issue_1,,0.0526
1155,issue_1,,0.0526
1157,issue_1,,0.0526
1161,issue_1,,0.0526
1162,issue_1,,0.0526
1163,issue_1,,0.0526
1171,issue_1,,0.0526
1176,issue_1,,0.0526
1180,issue_1,,0.0526
1183,issue_1,,0.0526
1185,issue_1,,0.0526
1193,issue_2,sitio_entredicho_2,0.0526
1195,issue_2,sitio_entredicho_2,0.0526
1207,issue_2,sitio_entredicho_2,0.0526
1209,issue_2,sitio_entredicho_2,0.0526
1210,issue_2,sitio_entredicho_2,0.0526
1215,issue_2,sitio_entredicho_2,0.0526
1216,issue_2,sitio_entredicho_2,0.0526
1222,issue_2,sitio_entredicho_2,0.0526
1224,issue_2,sitio_entredicho_2,0.0526
1226,issue_2,sitio_entredicho_2,0.0526
1228,issue_2,sitio_entredicho_2,0.0526
1233,issue_2,,0.0526
1238,issue_2,,0.0526
1244,issue_2,,0.0526
1252,issue_2,,0.0526
1261,issue_2,,0.0526
1263,issue_2,,0.0526
1268,issue_2,,0.0526
1275,issue_2,,0.0526
1281,issue_2,,0.0526
1282,issue_2,,0.0526
1293,issue_2,,0.0526
1295,issue_2,,0.0526
1297,issue_2,,0.0526
1303,issue_2,,0.0526
1308,issue_2,,0.0526
1311,issue_2,,0.0526
1313,issue_2,,0.0526
1317,issue_2,,0.0526
1319,issue_2,,0.0526
1320,issue_2,,0.0526
1322,issue_2,,0.0526
1323,issue_2,,0.0526
1324,issue_2,,0.0526
1326,issue_2,,0.0526
1327,issue_2,,0.0526
1333,issue_2,,0.0526
1335,issue_2,,0.0526
1337,issue_2,,0.0526
1339,issue_2,,0.0526
1344,issue_2,,0.0526
1350,issue_2,,0.0526
1352,issue_2,,0.0526
1355,issue_2,,0.0526
1356,issue_2,,0.0526
1365,issue_2,,0.0526
1366,issue_2,,0.0526
1368,issue_2,,0.0526
1369,issue_2,,0.0526
1370,issue_2,,0.0526
1371,issue_2,,0.0526
1372,issue_2,,0.0526
1376,issue_2,,0.0526
1378,issue_2,,0.0526
1385,issue_2,,0.0526
1390,issue_2,,0.0526
1395,issue_2,,0.0526
1399,issue_2,,0.0526
1402,issue_2,,0.0526
1403,issue_2,,0.0526
1407,issue_2,,0.0526
1411,issue_2,,0.0526
1412,issue_2,,0.0526
1414,issue_2,,0.0526
1415,issue_2,,0.0526
1416,issue_2,,0.0526
1420,issue_2,,0.0526
1421,issue_2,,0.0526
1425,issue_2,,0.0526
1433,issue_2,,0.0526
1445,issue_2,,0.0526
1451,issue_2,,0.0526
1454,issue_2,,0.0526
1458,issue_2,,0.0526
1459,issue_2,,0.0526
1461,issue_2,,0.0526
1469,issue_2,,0.0526
1470,issue_2,,0.0526
1472,issue_2,,0.0526
1482,issue_2,,0.0526
1484,issue_2,,0.0526
1485,issue_2,,0.0526
1486,issue_2,,0.0526
1493,issue_2,,0.0526
1494,issue_2,,0.0526
1500,issue_2,,0.0526
1501,issue_2,,0.0526
1505,issue_2,,0.0526
1508,issue_2,,0.0526
1511,issue_2,,0.0526
1512,issue_2,,0.0526
1514,issue_2,,0.0526
1518,issue_2,,0.0526
1519,issue_2,,0.0526
1525,issue_2,,0.0526
1532,issue_2,,0.0526
1545,issue_2,,0.0526
1550,issue_2,,0.0526
1558,issue_2,,0.0526
1562,issue_2,,0.0526
1563,issue_2,,0.0526
1575,issue_2,,0.0526
1580,issue_2,,0.0526
1583,issue_2,,0.0526
1595,issue_2,,0.0526
1597,issue_2,,0.0526
1600,issue_2,,0.0526
1604,issue_2,,0.0526
1608,issue_2,,0.0526
1617,issue_2,,0.0526
1619,issue_2,,0.0526
1621,issue_2,,0.0526
1623,issue_2,,0.0526
1625,issue_2,,0.0526
1633,issue_2,,0.0526
1642,issue_2,,0.0526
1647,issue_2,,0.0526
1651,issue_2,,0.0526
1652,issue_2,,0.0526
1655,issue_2,,0.0526
1656,issue_2,,0.0526
1660,issue_2,,0.0526
1662,issue_2,,0.0526
1668,issue_2,,0.0526
1676,issue_3,localización_3,0.0526
1680,issue_3,,0.0526
1683,issue_3,,0.0526
1691,issue_3,,0.0526
1696,issue_3,,0.0526
1700,issue_3,,0.0526
1702,issue_3,,0.0526
1703,issue_3,,0.0526
1708,issue_3,,0.0526
1710,issue_3,,0.0526
1713,issue_3,,0.0526
1716,issue_3,,0.0526
1719,issue_3,,0.0526
1723,issue_3,,0.0526
1724,issue_3,,0.0526
1728,issue_3,,0.0526
1730,issue_3,,0.0526
1733,issue_3,,0.0526
1734,issue_3,,0.0526
1741,issue_3,,0.0526
1742,issue_3,,0.0526
1743,issue_3,,0.0526
1744,issue_3,,0.0526
1746,issue_3,,0.0526
1748,issue_3,,0.0526
1749,issue_3,,0.0526
1753,issue_3,,0.0526
1754,issue_3,,0.0526
1757,issue_3,,0.0526
1759,issue_3,,0.0526
1763,issue_3,,0.0526
1766,issue_3,,0.0526
1773,issue_3,,0.0526
1774,issue_3,,0.0526
1778,issue_3,,0.0526
1780,issue_3,,0.0526
1781,issue_3,,0.0526
1783,issue_3,,0.0526
1793,issue_3,,0.0526
1795,issue_3,,0.0526
1801,issue_3,,0.0526
1804,issue_3,,0.0526
1808,issue_3,,0.0526
1813,issue_3,,0.0526
1814,issue_3,,0.0526
1816,issue_3,,0.0526
1819,issue_3,,0.0526
1825,issue_3,,0.0526
1826,issue_3,,0.0526
1836,issue_3,,0.0526
1842,issue_3,,0.0526
1850,issue_3,,0.0526
1865,issue_3,,0.0526
1866,issue_3,,0.0526
1868,issue_3,,0.0526
1869,issue_3,,0.0526
1871,issue_3,,0.0526
1882,issue_3,,0.0526
1883,issue_3,,0.0526
1886,issue_3,,0.0526
1888,issue_3,,0.0526
1891,issue_3,,0.0526
1893,issue_3,,0.0526
1897,issue_3,,0.0526
1902,issue_3,,0.0526
1903,issue_3,,0.0526
1909,issue_3,,0.0526
1910,issue_3,,0.0526
1912,issue_3,,0.0526
1919,issue_3,,0.0526
1931,issue_3,,0.0526
1938,issue_3,,0.0526
1945,issue_3,,0.0526
1947,issue_3,,0.0526
1948,issue_3,,0.0526
1949,issue_3,,0.0526
1950,issue_3,,0.0526
1956,issue_3,,0.0526
1960,issue_3,,0.0526
1962,issue_3,,0.0526
1966,issue_3,,0.0526
1967,issue_3,,0.0526
1973,issue_3,,0.0526
1980,issue_3,,0.0526
1982,issue_3,,0.0526
1988,issue_3,,0.0526
1989,issue_3,,0.0526
1991,issue_3,,0.0526
1992,issue_3,,0.0526
1995,issue_3,,0.0526
2002,issue_3,,0.0526
2004,issue_3,,0.0526
2007,issue_3,,0.0526
2010,issue_3,,0.0526
2014,issue_3,,0.0526
2018,issue_3,,0.0526
2021,issue_3,,0.0526
2025,issue_3,,0.0526
2026,issue_3,,0.0526
2028,issue_3,,0.0526
2030,issue_3,,0.0526
2031,issue_3,,0.0526
2033,issue_3,,0.0526
2034,issue_3,,0.0526
2036,issue_3,,0.0526
2040,issue_3,,0.0526
2041,issue_3,,0.0526
2044,issue_3,,0.0526
2047,issue_3,,0.0526
2049,issue_3,,0.0526
2056,issue_3,,0.0526
2057,issue_3,,0.0526
2059,issue_3,,0.0526
2060,issue_3,,0.0526
2075,issue_3,,0.0526
2078,issue_3,,0.0526
2085,issue_3,,0.0526
2091,issue_3,,0.0526
2098,issue_3,,0.0526
2105,issue_3,,0.0526
2113,issue_3,,0.0526
2123,issue_3,,0.0526
2126,issue_3,,0.0526
2128,issue_3,,0.0526
2129,issue_3,,0.0526
2131,issue_3,,0.0526
2133,issue_3,,0.0526
2138,issue_3,,0.0526
2145,issue_3,,0.0526
2148,issue_3,,0.0526
2153,issue_3,,0.0526
2154,issue_3,,0.0526
2155,issue_3,,0.0526
2160,issue_3,,0.0526
2162,issue_3,,0.0526
2163,issue_3,,0.0526
2166,issue_3,,0.0526
2172,issue_3,,0.0526
2175,issue_3,,0.0526
2177,issue_3,,0.0526
2194,issue_3,,0.0526
2197,issue_3,,0.0526
2199,issue_3,,0.0526
2202,issue_3,,0.0526
2204,issue_3,,0.0526
2213,issue_3,,0.0526
2230,issue_3,,0.0526
2232,issue_3,,0.0526
2237,issue_3,,0.0526
2239,issue_3,,0.0526
2240,issue_3,,0.0526
2242,issue_3,,0.0526
2247,issue_3,,0.0526
2248,issue_3,,0.0526
2249,issue_3,,0.0526
2254,issue_3,,0.0526
2257,issue_3,,0.0526
2262,issue_3,,0.0526
2264,issue_3,,0.0526
2265,issue_3,,0.0526
2267,issue_3,,0.0526
2273,issue_3,,0.0526
2277,issue_3,,0.0526
2283,issue_3,,0.0526
2285,issue_3,,0.0526
2287,issue_3,,0.0526
2292,issue_3,,0.0526
2297,issue_3,,0.0526
2298,issue_3,,0.0526
2299,issue_3,,0.0526
2300,issue_3,,0.0526
2302,issue_3,,0.0526
2304,issue_3,,0.0526
2307,issue_3,,0.0526
2309,issue_3,,0.0526
2332,issue_3,,0.0526
2334,issue_3,,0.0526
2340,issue_3,,0.0526
2344,issue_3,,0.0526
2345,issue_3,,0.0526
2347,issue_3,,0.0526
2354,issue_4-5,sitio_entredichos_4-5,0.0526
2355,issue_4-5,sitio_entredichos_4-5,0.0526
2356,issue_4-5,sitio_entredichos_4-5,0.0526
2358,issue_4-5,sitio_entredichos_4-5,0.0526
2361,issue_4-5,sitio_entredichos_4-5,0.0526
2365,issue_4-5,sitio_entredichos_4-5,0.0526
2367,issue_4-5,sitio_entredichos_4-5,0.0526
2370,issue_4-5,,0.0526
2380,issue_4-5,,0.0526
2382,issue_4-5,,0.0526
2387,issue_4-5,,0.0526
2399,issue_4-5,,0.0526
2409,issue_4-5,,0.0526
2413,issue_4-5,,0.0526
2415,issue_4-5,,0.0526
2418,issue_4-5,,0.0526
2420,issue_4-5,,0.0526
2427,issue_4-5,,0.0526
2429,issue_4-5,,0.0526
2431,issue_4-5,,0.0526
2439,issue_4-5,,0.0526
2440,issue_4-5,,0.0526
2443,issue_4-5,,0.0526
2450,issue_4-5,,0.0526
2455,issue_4-5,,0.0526
2456,issue_4-5,,0.0526
2460,issue_4-5,,0.0526
2462,issue_4-5,,0.0526
2464,issue_4-5,,0.0526
2466,issue_4-5,,0.0526
2467,issue_4-5,,0.0526
2472,issue_4-5,,0.0526
2473,issue_4-5,,0.0526
2476,issue_4-5,,0.0526
2481,issue_4-5,,0.0526
2482,issue_4-5,,0.0526
2483,issue_4-5,,0.0526
2486,issue_4-5,,0.0526
2495,issue_4-5,,0.0526
2496,issue_4-5,,0.0526
2498,issue_4-5,,0.0526
2506,issue_4-5,,0.0526
2516,issue_4-5,,0.0526
2521,issue_4-5,,0.0526
2526,issue_4-5,,0.0526
2527,issue_4-5,,0.0526
2531,issue_4-5,,0.0526
2533,issue_4-5,,0.0526
2536,issue_4-5,,0.0526
2542,issue_4-5,,0.0526
2543,issue_4-5,,0.0526
2545,issue_4-5,,0.0526
2547,issue_4-5,,0.0526
2548,issue_4-5,,0.0526
2554,issue_4-5,,0.0526
2556,issue_4-5,,0.0526
2563,issue_4-5,,0.0526
2567,issue_4-5,,0.0526
2575,issue_4-5,,0.0526
2576,issue_4-5,,0.0526
2579,issue_4-5,,0.0526
2585,issue_4-5,,0.0526
2587,issue_4-5,,0.0526
2588,issue_4-5,,0.0526
2590,issue_4-5,,0.0526
2594,issue_4-5,,0.0526
2595,issue_4-5,,0.0526
2599,issue_4-5,,0.0526
2602,issue_4-5,,0.0526
2606,issue_4-5,,0.0526
2610,issue_4-5,,0.0526
2615,issue_4-5,,0.0526
2617,issue_4-5,,0.0526
2623,issue_4-5,,0.0526
2628,issue_4-5,,0.0526
2633,issue_4-5,,0.0526
2639,issue_4-5,,0.0526
2640,issue_4-5,,0.0526
2651,issue_4-5,,0.0526
2652,issue_4-5,,0.0526
2659,issue_4-5,,0.0526
2660,issue_4-5,,0.0526
2667,issue_4-5,,0.0526
2674,issue_4-5,,0.0526
2675,issue_4-5,,0.0526
2676,issue_4-5,,0.0526
2687,issue_4-5,,0.0526
2689,issue_4-5,,0.0526
2690,issue_4-5,,0.0526
2691,issue_4-5,,0.0526
2694,issue_4-5,,0.0526
2696,issue_4-5,,0.0526
2697,issue_4-5,,0.0526
2706,issue_4-5,,0.0526
2710,issue_4-5,,0.0526
2713,issue_4-5,,0.0526
2722,issue_4-5,,0.0526
2735,issue_4-5,,0.0526
2745,issue_4-5,,0.0526
2748,issue_4-5,,0.0526
2774,issue_4-5,,0.0526
2788,issue_4-5,,0.0526
2790,issue_4-5,,0.0526
2791,issue_4-5,,0.0526
2793,issue_4-5,,0.0526
2794,issue_4-5,,0.0526
2802,issue_4-5,,0.0526
2804,issue_4-5,,0.0526
2806,issue_4-5,,0.0526
2814,issue_4-5,,0.0526
2821,issue_4-5,,0.0526
2826,issue_4-5,,0.0526
2830,issue_4-5,,0.0526
2831,issue_4-5,,0.0526
2832,issue_4-5,,0.0526
2837,issue_4-5,,0.0526
2853,issue_4-5,,0.0526
2856,issue_4-5,,0.0526
2882,issue_4-5,,0.0526
2885,issue_4-5,,0.0526
2886,issue_4-5,,0.0526
2887,issue_4-5,,0.0526
2888,issue_4-5,,0.0526
2890,issue_4-5,,0.0526
2892,issue_4-5,,0.0526
2895,issue_4-5,,0.0526
2900,issue_4-5,,0.0526
2912,issue_4-5,,0.0526
2917,issue_4-5,,0.0526
2918,issue_4-5,,0.0526
2922,issue_4-5,,0.0526
2924,issue_4-5,,0.0526
2925,issue_4-5,,0.0526
2931,issue_4-5,,0.0526
2934,issue_4-5,,0.0526
2937,issue_4-5,,0.0526
2938,issue_4-5,,0.0526
2947,issue_4-5,,0.0526
2952,issue_4-5,,0.0526
2969,issue_4-5,,0.0526
2980,issue_4-5,,0.0526
2982,issue_4-5,,0.0526
2983,issue_4-5,,0.0526
2984,issue_4-5,,0.0526
2987,issue_4-5,,0.0526
2990,issue_4-5,,0.0526
2992,issue_4-5,,0.0526
2999,issue_4-5,,0.0526
3008,issue_4-5,,0.0526
3022,issue_6,Entredichos_6,0.0526
3023,issue_6,Entredichos_6,0.0526
3025,issue_6,Entredichos_6,0.0526
3026,issue_6,Entredichos_6,0.0526
3027,issue_6,Entredichos_6,0.0526
3028,issue_6,Entredichos_6,0.0526
3031,issue_6,Entredichos_6,0.0526
3037,issue_6,,0.0526
3038,issue_6,,0.0526
3040,issue_6,,0.0526
3042,issue_6,,0.0526
3045,issue_6,,0.0526
3046,issue_6,,0.0526
3058,issue_6,,0.0526
3059,issue_6,,0.0526
3064,issue_6,,0.0526
3066,issue_6,,0.0526
3069,issue_6,,0.0526
3071,issue_6,,0.0526
3091,issue_6,,0.0526
3103,issue_6,,0.0526
3105,issue_6,,0.0526
3107,issue_6,,0.0526
3115,issue_6,,0.0526
3122,issue_6,,0.0526
3125,issue_6,,0.0526
3126,issue_6,,0.0526
3136,issue_6,,0.0526
3144,issue_6,,0.0526
3149,issue_6,,0.0526
3152,issue_6,,0.0526
3155,issue_6,,0.0526
3157,issue_6,,0.0526
3158,issue_6,,0.0526
3160,issue_6,,0.0526
3161,issue_6,,0.0526
3162,issue_6,,0.0526
3170,issue_6,,0.0526
3171,issue_6,,0.0526
3172,issue_6,,0.0526
3196,issue_6,,0.0526
3209,issue_6,,0.0526
3217,issue_6,,0.0526
3231,issue_6,,0.0526
3240,issue_6,,0.0526
3244,issue_6,,0.0526
3246,issue_6,,0.0526
3249,issue_6,,0.0526
3253,issue_6,,0.0526
3257,issue_6,,0.0526
3258,issue_6,,0.0526
3263,issue_6,,0.0526
3265,issue_6,,0.0526
3267,issue_6,,0.0526
3270,issue_6,,0.0526
3276,issue_6,,0.0526
3278,issue_6,,0.0526
3283,issue_6,,0.0526
3289,issue_6,,0.0526
3292,issue_6,,0.0526
3305,issue_6,,0.0526
3306,issue_6,,0.0526
3308,issue_6,,0.0526
3311,issue_6,,0.0526
3314,issue_6,,0.0526
3325,issue_6,,0.0526
3326,issue_6,,0.0526
3333,issue_6,,0.0526
3334,issue_6,,0.0526
3337,issue_6,,0.0526
3342,issue_6,,0.0526
3347,issue_6,,0.0526
3349,issue_6,,0.0526
3358,issue_6,,0.0526
3370,issue_6,,0.0526
3380,issue_6,,0.0526
3398,issue_6,,0.0526
3399,issue_6,,0.0526
3402,issue_6,,0.0526
3408,issue_6,,0.0526
3410,issue_6,,0.0526
3411,issue_6,,0.0526
3415,issue_6,,0.0526
3422,issue_6,,0.0526
3423,issue_6,,0.0526
3428,issue_6,,0.0526
3429,issue_6,,0.0526
3439,issue_6,,0.0526
3444,issue_6,,0.0526
3446,issue_6,,0.0526
3447,issue_6,,0.0526
3451,issue_6,,0.0526
3456,issue_6,,0.0526
3457,issue_6,,0.0526
3463,issue_6,,0.0526
3465,issue_6,,0.0526
3466,issue_6,,0.0526
3473,issue_6,,0.0526
3475,issue_6,,0.0526
5,issue_1,Jinkis_Entredichos_1,0.1111
9,issue_1,Jinkis_Entredichos_1,0.1111
22,issue_1,Jinkis_Entredichos_1,0.1111
25,issue_1,Grüner_Entredichos_1,0.1111
28,issue_1,Grüner_Entredichos_1,0.1111
29,issue_1,Grüner_Entredichos_1,0.1111
30,issue_1,Grüner_Entredichos_1,0.1111
34,issue_1,Grüner_Entredichos_1,0.1111
37,issue_1,Gusmán_Entredichos_1,0.1111
41,issue_1,Gusmán_Entredichos_1,0.1111
43,issue_1,Gusmán_Entredichos_1,0.1111
47,issue_1,Gusmán_Entredichos_1,0.1111
54,issue_1,,0.1111
62,issue_1,,0.1111
64,issue_1,,0.1111
86,issue_1,,0.1111
89,issue_1,,0.1111
98,issue_1,,0.1111
103,issue_1,,0.1111
130,issue_1,,0.1111
131,issue_1,,0.1111
133,issue_1,,0.1111
141,issue_1,,0.1111
160,issue_1,,0.1111
164,issue_1,,0.1111
168,issue_1,,0.1111
172,issue_1,,0.1111
177,issue_1,,0.1111
185,issue_1,,0.1111
188,issue_1,,0.1111
191,issue_1,,0.1111
194,issue_1,,0.1111
195,issue_1,,0.1111
202,issue_1,,0.1111
234,issue_1,,0.1111
244,issue_1,,0.1111
248,issue_1,,0.1111
249,issue_1,,0.1111
272,issue_1,,0.1111
274,issue_1,,0.1111
289,issue_1,,0.1111
310,issue_1,,0.1111
317,issue_1,,0.1111
320,issue_1,,0.1111
341,issue_1,,0.1111
347,issue_1,,0.1111
357,issue_1,,0.1111
358,issue_1,,0.1111
365,issue_1,,0.1111
366,issue_1,,0.1111
423,issue_1,,0.1111
428,issue_1,bloy_texto_citado,0.1111
450,issue_1,bloy_texto_citado,0.1111
454,issue_1,bloy_texto_citado,0.1111
473,issue_1,bloy_texto_citado,0.1111
474,issue_1,bloy_texto_citado,0.1111
479,issue_1,bloy_texto_citado,0.1111
487,issue_1,bloy_texto_citado,0.1111
490,issue_1,bloy_texto_citado,0.1111
491,issue_1,bloy_texto_citado,0.1111
493,issue_1,bloy_texto_citado,0.1111
548,issue_1,bloy_texto_citado,0.1111
563,issue_1,bloy_texto_citado,0.1111
578,issue_1,bloy_texto_citado,0.1111
585,issue_1,bloy_texto_citado,0.1111
593,issue_1,bloy_texto_citado,0.1111
609,issue_1,bloy_texto_citado,0.1111
636,issue_1,bloy_texto_citado,0.1111
683,issue_1,bloy_texto_citado,0.1111
690,issue_1,bloy_texto_citado,0.1111
699,issue_1,bloy_texto_citado,0.1111
711,issue_1,bloy_texto_citado,0.1111
716,issue_1,bloy_texto_citado,0.1111
745,issue_1,bloy_texto_citado,0.1111
747,issue_1,bloy_texto_citado,0.1111
797,issue_1,bloy_texto_citado,0.1111
826,issue_1,bloy_texto_citado,0.1111
849,issue_1,bloy_texto_citado,0.1111
851,issue_1,bloy_texto_citado,0.1111
854,issue_1,bloy_texto_citado,0.1111
857,issue_1,bloy_texto_citado,0.1111
873,issue_1,zola_texto_citado,0.1111
878,issue_1,zola_texto_citado,0.1111
880,issue_1,zola_texto_citado,0.1111
882,issue_1,zola_texto_citado,0.1111
890,issue_1,zola_texto_citado,0.1111
904,issue_1,zola_texto_citado,0.1111
908,issue_1,zola_texto_citado,0.1111
918,issue_1,,0.1111
940,issue_1,,0.1111
957,issue_1,,0.1111
982,issue_1,,0.1111
984,issue_1,,0.1111
985,issue_1,,0.1111
992,issue_1,,0.1111
1025,issue_1,,0.1111
1055,issue_1,molloy_dario,0.1111
1066,issue_1,molloy_dario,0.1111
1068,issue_1,molloy_dario,0.1111
1069,issue_1,molloy_dario,0.1111
1077,issue_1,molloy_dario,0.1111
1082,issue_1,molloy_dario,0.1111
1084,issue_1,,0.1111
1091,issue_1,,0.1111
1098,issue_1,,0.1111
1099,issue_1,,0.1111
1101,issue_1,,0.1111
1103,issue_1,,0.1111
1109,issue_1,,0.1111
1137,issue_1,,0.1111
1138,issue_1,,0.1111
1143,issue_1,,0.1111
1148,issue_1,,0.1111
1149,issue_1,,0.1111
1167,issue_1,,0.1111
1168,issue_1,,0.1111
1170,issue_1,,0.1111
1178,issue_1,,0.1111
1181,issue_1,,0.1111
1191,issue_2,sitio_entredicho_2,0.1111
1197,issue_2,sitio_entredicho_2,0.1111
1198,issue_2,sitio_entredicho_2,0.1111
1214,issue_2,sitio_entredicho_2,0.1111
1229,issue_2,sitio_entredicho_2,0.1111
1234,issue_2,,0.1111
1241,issue_2,,0.1111
1250,issue_2,,0.1111
1264,issue_2,,0.1111
1304,issue_2,,0.1111
1307,issue_2,,0.1111
1315,issue_2,,0.1111
1342,issue_2,,0.1111
1354,issue_2,,0.1111
1360,issue_2,,0.1111
1362,issue_2,,0.1111
1379,issue_2,,0.1111
1387,issue_2,,0.1111
1389,issue_2,,0.1111
1439,issue_2,,0.1111
1456,issue_2,,0.1111
1460,issue_2,,0.1111
1473,issue_2,,0.1111
1489,issue_2,,0.1111
1492,issue_2,,0.1111
1497,issue_2,,0.1111
1502,issue_2,,0.1111
1503,issue_2,,0.1111
1506,issue_2,,0.1111
1510,issue_2,,0.1111
1520,issue_2,,0.1111
1521,issue_2,,0.1111
1541,issue_2,,0.1111
1547,issue_2,,0.1111
1554,issue_2,,0.1111
1555,issue_2,,0.1111
1559,issue_2,,0.1111
1561,issue_2,,0.1111
1590,issue_2,,0.1111
1607,issue_2,,0.1111
1612,issue_2,,0.1111
1628,issue_2,,0.1111
1650,issue_2,,0.1111
1657,issue_2,,0.1111
1661,issue_2,,0.1111
1674,issue_3,localización_3,0.1111
1675,issue_3,localización_3,0.1111
1677,issue_3,localización_3,0.1111
1706,issue_3,,0.1111
1756,issue_3,,0.1111
1762,issue_3,,0.1111
1769,issue_3,,0.1111
1771,issue_3,,0.1111
1772,issue_3,,0.1111
1776,issue_3,,0.1111
1777,issue_3,,0.1111
1784,issue_3,,0.1111
1786,issue_3,,0.1111
1790,issue_3,,0.1111
1796,issue_3,,0.1111
1800,issue_3,,0.1111
1802,issue_3,,0.1111
1806,issue_3,,0.1111
1807,issue_3,,0.1111
1815,issue_3,,0.1111
1818,issue_3,,0.1111
1820,issue_3,,0.1111
1821,issue_3,,0.1111
1824,issue_3,,0.1111
1844,issue_3,,0.1111
1846,issue_3,,0.1111
1849,issue_3,,0.1111
1857,issue_3,,0.1111
1862,issue_3,,0.1111
1863,issue_3,,0.1111
1867,issue_3,,0.1111
1874,issue_3,,0.1111
1876,issue_3,,0.1111
1877,issue_3,,0.1111
1880,issue_3,,0.1111
1889,issue_3,,0.1111
1917,issue_3,,0.1111
1942,issue_3,,0.1111
1944,issue_3,,0.1111
1951,issue_3,,0.1111
1952,issue_3,,0.1111
1954,issue_3,,0.1111
1959,issue_3,,0.1111
1965,issue_3,,0.1111
1970,issue_3,,0.1111
1985,issue_3,,0.1111
2005,issue_3,,0.1111
2012,issue_3,,0.1111
2016,issue_3,,0.1111
2048,issue_3,,0.1111
2064,issue_3,,0.1111
2099,issue_3,,0.1111
2112,issue_3,,0.1111
2120,issue_3,,0.1111
2124,issue_3,,0.1111
2127,issue_3,,0.1111
2132,issue_3,,0.1111
2142,issue_3,,0.1111
2146,issue_3,,0.1111
2150,issue_3,,0.1111
2158,issue_3,,0.1111
2159,issue_3,,0.1111
2170,issue_3,,0.1111
2176,issue_3,,0.1111
2201,issue_3,,0.1111
2203,issue_3,,0.1111
2205,issue_3,,0.1111
2219,issue_3,,0.1111
2233,issue_3,,0.1111
2246,issue_3,,0.1111
2276,issue_3,,0.1111
2278,issue_3,,0.1111
2281,issue_3,,0.1111
2313,issue_3,,0.1111
2323,issue_3,,0.1111
2333,issue_3,,0.1111
2346,issue_3,,0.1111
2357,issue_4-5,sitio_entredichos_4-5,0.1111
2363,issue_4-5,sitio_entredichos_4-5,0.1111
2393,issue_4-5,,0.1111
2402,issue_4-5,,0.1111
2414,issue_4-5,,0.1111
2417,issue_4-5,,0.1111
2430,issue_4-5,,0.1111
2446,issue_4-5,,0.1111
2449,issue_4-5,,0.1111
2475,issue_4-5,,0.1111
2479,issue_4-5,,0.1111
2492,issue_4-5,,0.1111
2494,issue_4-5,,0.1111
2504,issue_4-5,,0.1111
2528,issue_4-5,,0.1111
2538,issue_4-5,,0.1111
2541,issue_4-5,,0.1111
2550,issue_4-5,,0.1111
2551,issue_4-5,,0.1111
2558,issue_4-5,,0.1111
2582,issue_4-5,,0.1111
2583,issue_4-5,,0.1111
2584,issue_4-5,,0.1111
2589,issue_4-5,,0.1111
2608,issue_4-5,,0.1111
2629,issue_4-5,,0.1111
2636,issue_4-5,,0.1111
2638,issue_4-5,,0.1111
2641,issue_4-5,,0.1111
2664,issue_4-5,,0.1111
2680,issue_4-5,,0.1111
2707,issue_4-5,,0.1111
2729,issue_4-5,,0.1111
2736,issue_4-5,,0.1111
2738,issue_4-5,,0.1111
2744,issue_4-5,,0.1111
2747,issue_4-5,,0.1111
2785,issue_4-5,,0.1111
2797,issue_4-5,,0.1111
2815,issue_4-5,,0.1111
2816,issue_4-5,,0.1111
2829,issue_4-5,,0.1111
2834,issue_4-5,,0.1111
2846,issue_4-5,,0.1111
2867,issue_4-5,,0.1111
2874,issue_4-5,,0.1111
2936,issue_4-5,,0.1111
2940,issue_4-5,,0.1111
2942,issue_4-5,,0.1111
2945,issue_4-5,,0.1111
2946,issue_4-5,,0.1111
2948,issue_4-5,,0.1111
2954,issue_4-5,,0.1111
2959,issue_4-5,,0.1111
2960,issue_4-5,,0.1111
2962,issue_4-5,,0.1111
2963,issue_4-5,,0.1111
2965,issue_4-5,,0.1111
2966,issue_4-5,,0.1111
2978,issue_4-5,,0.1111
3010,issue_4-5,,0.1111
3011,issue_4-5,,0.1111
3012,issue_4-5,,0.1111
3014,issue_4-5,,0.1111
3030,issue_6,Entredichos_6,0.1111
3036,issue_6,,0.1111
3048,issue_6,,0.1111
3051,issue_6,,0.1111
3055,issue_6,,0.1111
3056,issue_6,,0.1111
3067,issue_6,,0.1111
3068,issue_6,,0.1111
3072,issue_6,,0.1111
3076,issue_6,,0.1111
3077,issue_6,,0.1111
3080,issue_6,,0.1111
3082,issue_6,,0.1111
3097,issue_6,,0.1111
3100,issue_6,,0.1111
3106,issue_6,,0.1111
3108,issue_6,,0.1111
3109,issue_6,,0.1111
3113,issue_6,,0.1111
3118,issue_6,,0.1111
3119,issue_6,,0.1111
3130,issue_6,,0.1111
3132,issue_6,,0.1111
3135,issue_6,,0.1111
3145,issue_6,,0.1111
3146,issue_6,,0.1111
3147,issue_6,,0.1111
3148,issue_6,,0.1111
3150,issue_6,,0.1111
3153,issue_6,,0.1111
3159,issue_6,,0.1111
3163,issue_6,,0.1111
3164,issue_6,,0.1111
3167,issue_6,,0.1111
3168,issue_6,,0.1111
3175,issue_6,,0.1111
3178,issue_6,,0.1111
3183,issue_6,,0.1111
3184,issue_6,,0.1111
3191,issue_6,,0.1111
3198,issue_6,,0.1111
3199,issue_6,,0.1111
3200,issue_6,,0.1111
3201,issue_6,,0.1111
3202,issue_6,,0.1111
3206,issue_6,,0.1111
3211,issue_6,,0.1111
3216,issue_6,,0.1111
3225,issue_6,,0.1111
3228,issue_6,,0.1111
3230,issue_6,,0.1111
3233,issue_6,,0.1111
3239,issue_6,,0.1111
3245,issue_6,,0.1111
3252,issue_6,,0.1111
3254,issue_6,,0.1111
3255,issue_6,,0.1111
3281,issue_6,,0.1111
3286,issue_6,,0.1111
3300,issue_6,,0.1111
3310,issue_6,,0.1111
3318,issue_6,,0.1111
3320,issue_6,,0.1111
3332,issue_6,,0.1111
3340,issue_6,,0.1111
3345,issue_6,,0.1111
3361,issue_6,,0.1111
3367,issue_6,,0.1111
3368,issue_6,,0.1111
3371,issue_6,,0.1111
3373,issue_6,,0.1111
3374,issue_6,,0.1111
3378,issue_6,,0.1111
3379,issue_6,,0.1111
3385,issue_6,,0.1111
3390,issue_6,,0.1111
3395,issue_6,,0.1111
3416,issue_6,,0.1111
3418,issue_6,,0.1111
3431,issue_6,,0.1111
3434,issue_6,,0.1111
3436,issue_6,,0.1111
3437,issue_6,,0.1111
3438,issue_6,,0.1111
3448,issue_6,,0.1111
3450,issue_6,,0.1111
3452,issue_6,,0.1111
3460,issue_6,,0.1111
3461,issue_6,,0.1111
3462,issue_6,,0.1111
3467,issue_6,,0.1111
3468,issue_6,,0.1111
3471,issue_6,,0.1111
3472,issue_6,,0.1111
7,issue_1,Jinkis_Entredichos_1,0.1765
14,issue_1,Jinkis_Entredichos_1,0.1765
15,issue_1,Jinkis_Entredichos_1,0.1765
55,issue_1,,0.1765
58,issue_1,,0.1765
73,issue_1,,0.1765
104,issue_1,,0.1765
136,issue_1,,0.1765
161,issue_1,,0.1765
167,issue_1,,0.1765
171,issue_1,,0.1765
181,issue_1,,0.1765
183,issue_1,,0.1765
184,issue_1,,0.1765
221,issue_1,,0.1765
235,issue_1,,0.1765
243,issue_1,,0.1765
246,issue_1,,0.1765
258,issue_1,,0.1765
271,issue_1,,0.1765
273,issue_1,,0.1765
297,issue_1,,0.1765
304,issue_1,,0.1765
314,issue_1,,0.1765
349,issue_1,,0.1765
356,issue_1,,0.1765
499,issue_1,bloy_texto_citado,0.1765
537,issue_1,bloy_texto_citado,0.1765
676,issue_1,bloy_texto_citado,0.1765
715,issue_1,bloy_texto_citado,0.1765
753,issue_1,bloy_texto_citado,0.1765
856,issue_1,bloy_texto_citado,0.1765
874,issue_1,zola_texto_citado,0.1765
887,issue_1,zola_texto_citado,0.1765
898,issue_1,zola_texto_citado,0.1765
983,issue_1,,0.1765
990,issue_1,,0.1765
996,issue_1,,0.1765
1036,issue_1,,0.1765
1043,issue_1,molloy_dario,0.1765
1046,issue_1,molloy_dario,0.1765
1063,issue_1,molloy_dario,0.1765
1086,issue_1,,0.1765
1088,issue_1,,0.1765
1089,issue_1,,0.1765
1095,issue_1,,0.1765
1123,issue_1,,0.1765
1192,issue_2,sitio_entredicho_2,0.1765
1230,issue_2,sitio_entredicho_2,0.1765
1247,issue_2,,0.1765
1316,issue_2,,0.1765
1340,issue_2,,0.1765
1347,issue_2,,0.1765
1363,issue_2,,0.1765
1527,issue_2,,0.1765
1546,issue_2,,0.1765
1669,issue_2,,0.1765
1673,issue_3,localización_3,0.1765
1678,issue_3,localización_3,0.1765
1870,issue_3,,0.1765
1872,issue_3,,0.1765
1873,issue_3,,0.1765
1878,issue_3,,0.1765
1881,issue_3,,0.1765
2001,issue_3,,0.1765
2019,issue_3,,0.1765
2027,issue_3,,0.1765
2042,issue_3,,0.1765
2125,issue_3,,0.1765
2135,issue_3,,0.1765
2296,issue_3,,0.1765
2394,issue_4-5,,0.1765
2416,issue_4-5,,0.1765
2442,issue_4-5,,0.1765
2546,issue_4-5,,0.1765
2572,issue_4-5,,0.1765
2598,issue_4-5,,0.1765
2601,issue_4-5,,0.1765
2604,issue_4-5,,0.1765
2643,issue_4-5,,0.1765
2709,issue_4-5,,0.1765
2743,issue_4-5,,0.1765
2819,issue_4-5,,0.1765
2838,issue_4-5,,0.1765
2839,issue_4-5,,0.1765
2879,issue_4-5,,0.1765
2953,issue_4-5,,0.1765
3006,issue_4-5,,0.1765
3029,issue_6,Entredichos_6,0.1765
3035,issue_6,Entredichos_6,0.1765
3054,issue_6,,0.1765
3060,issue_6,,0.1765
3062,issue_6,,0.1765
3078,issue_6,,0.1765
3079,issue_6,,0.1765
3081,issue_6,,0.1765
3089,issue_6,,0.1765
3090,issue_6,,0.1765
3093,issue_6,,0.1765
3098,issue_6,,0.1765
3102,issue_6,,0.1765
3111,issue_6,,0.1765
3112,issue_6,,0.1765
3120,issue_6,,0.1765
3124,issue_6,,0.1765
3127,issue_6,,0.1765
3131,issue_6,,0.1765
3134,issue_6,,0.1765
3137,issue_6,,0.1765
3139,issue_6,,0.1765
3142,issue_6,,0.1765
3166,issue_6,,0.1765
3174,issue_6,,0.1765
3176,issue_6,,0.1765
3179,issue_6,,0.1765
3189,issue_6,,0.1765
3193,issue_6,,0.1765
3195,issue_6,,0.1765
3203,issue_6,,0.1765
3204,issue_6,,0.1765
3208,issue_6,,0.1765
3210,issue_6,,0.1765
3212,issue_6,,0.1765
3213,issue_6,,0.1765
3214,issue_6,,0.1765
3215,issue_6,,0.1765
3221,issue_6,,0.1765
3237,issue_6,,0.1765
3238,issue_6,,0.1765
3251,issue_6,,0.1765
3269,issue_6,,0.1765
3271,issue_6,,0.1765
3274,issue_6,,0.1765
3279,issue_6,,0.1765
3282,issue_6,,0.1765
3290,issue_6,,0.1765
3294,issue_6,,0.1765
3295,issue_6,,0.1765
3297,issue_6,,0.1765
3299,issue_6,,0.1765
3301,issue_6,,0.1765
3307,issue_6,,0.1765
3309,issue_6,,0.1765
3312,issue_6,,0.1765
3313,issue_6,,0.1765
3321,issue_6,,0.1765
3324,issue_6,,0.1765
3331,issue_6,,0.1765
3343,issue_6,,0.1765
3344,issue_6,,0.1765
3346,issue_6,,0.1765
3350,issue_6,,0.1765
3352,issue_6,,0.1765
3363,issue_6,,0.1765
3369,issue_6,,0.1765
3376,issue_6,,0.1765
3383,issue_6,,0.1765
3384,issue_6,,0.1765
3386,issue_6,,0.1765
3389,issue_6,,0.1765
3391,issue_6,,0.1765
3393,issue_6,,0.1765
3394,issue_6,,0.1765
3421,issue_6,,0.1765
3435,issue_6,,0.1765
3442,issue_6,,0.1765
3453,issue_6,,0.1765
3455,issue_6,,0.1765
3458,issue_6,,0.1765
3470,issue_6,,0.1765
11,issue_1,Jinkis_Entredichos_1,0.25
163,issue_1,,0.25
170,issue_1,,0.25
175,issue_1,,0.25
182,issue_1,,0.25
245,issue_1,,0.25
305,issue_1,,0.25
348,issue_1,,0.25
351,issue_1,,0.25
382,issue_1,,0.25
391,issue_1,,0.25
508,issue_1,bloy_texto_citado,0.25
872,issue_1,zola_texto_citado,0.25
1166,issue_1,,0.25
1196,issue_2,sitio_entredicho_2,0.25
1204,issue_2,sitio_entredicho_2,0.25
1357,issue_2,,0.25
1579,issue_2,,0.25
1811,issue_3,,0.25
1831,issue_3,,0.25
2083,issue_3,,0.25
2119,issue_3,,0.25
2192,issue_3,,0.25
2224,issue_3,,0.25
2537,issue_4-5,,0.25
2553,issue_4-5,,0.25
2679,issue_4-5,,0.25
2799,issue_4-5,,0.25
3041,issue_6,,0.25
3065,issue_6,,0.25
3083,issue_6,,0.25
3084,issue_6,,0.25
3110,issue_6,,0.25
3114,issue_6,,0.25
3116,issue_6,,0.25
3123,issue_6,,0.25
3129,issue_6,,0.25
3133,issue_6,,0.25
3138,issue_6,,0.25
3143,issue_6,,0.25
3165,issue_6,,0.25
3173,issue_6,,0.25
3177,issue_6,,0.25
3190,issue_6,,0.25
3194,issue_6,,0.25
3205,issue_6,,0.25
3218,issue_6,,0.25
3222,issue_6,,0.25
3224,issue_6,,0.25
3227,issue_6,,0.25
3229,issue_6,,0.25
3232,issue_6,,0.25
3247,issue_6,,0.25
3256,issue_6,,0.25
3266,issue_6,,0.25
3273,issue_6,,0.25
3280,issue_6,,0.25
3284,issue_6,,0.25
3285,issue_6,,0.25
3288,issue_6,,0.25
3293,issue_6,,0.25
3296,issue_6,,0.25
3303,issue_6,,0.25
3304,issue_6,,0.25
3317,issue_6,,0.25
3341,issue_6,,0.25
3359,issue_6,,0.25
3360,issue_6,,0.25
3362,issue_6,,0.25
3364,issue_6,,0.25
3365,issue_6,,0.25
3375,issue_6,,0.25
3387,issue_6,,0.25
3388,issue_6,,0.25
3459,issue_6,,0.25
3474,issue_6,,0.25
352,issue_1,,0.3333
1770,issue_3,,0.3333
3073,issue_6,,0.3333
3086,issue_6,,0.3333
3088,issue_6,,0.3333
3117,issue_6,,0.3333
3121,issue_6,,0.3333
3128,issue_6,,0.3333
3141,issue_6,,0.3333
3188,issue_6,,0.3333
3197,issue_6,,0.3333
3219,issue_6,,0.3333
3226,issue_6,,0.3333
3243,issue_6,,0.3333
3268,issue_6,,0.3333
3277,issue_6,,0.3333
3287,issue_6,,0.3333
3298,issue_6,,0.3333
3315,issue_6,,0.3333
3366,issue_6,,0.3333
3372,issue_6,,0.3333
3377,issue_6,,0.3333
3454,issue_6,,0.3333
42,issue_1,Gusmán_Entredichos_1,0.4286
241,issue_1,,0.4286
3074,issue_6,,0.4286
3087,issue_6,,0.4286
3156,issue_6,,0.4286
3169,issue_6,,0.4286
3234,issue_6,,0.4286
3241,issue_6,,0.4286
3242,issue_6,,0.4286
3351,issue_6,,0.4286
3392,issue_6,,0.4286
2950,issue_4-5,,0.5385
3140,issue_6,,0.5385
3330,issue_6,,0.5385
3396,issue_6,,0.5385
1001,issue_1,,0.6667
3085,issue_6,,0.6667
